titleId,seasonNumber,title,date,av_rating,share,genres
tt0806901,44,Polizeiruf 110,2015,7,0,"Crime,Drama"
tt0806901,40,Polizeiruf 110,2011,7.3595,0.02,"Crime,Drama"
tt0806901,39,Polizeiruf 110,2010,7.2,0.01,"Crime,Drama"
tt0203259,20,Law & Order: Special Victims Unit,2018,8.6219,0.07,"Crime,Drama,Mystery"
tt0098844,20,Law & Order,2010,7.8286,0.28,"Crime,Drama,Mystery"
tt0203259,19,Law & Order: Special Victims Unit,2018,8.706,0.63,"Crime,Drama,Mystery"
tt0098844,19,Law & Order,2009,7.7893,0.29,"Crime,Drama,Mystery"
tt0118401,19,Midsomer Murders,2017,7.3916,0.05,"Crime,Drama,Mystery"
tt0098844,18,Law & Order,2008,7.847,0.31,"Crime,Drama,Mystery"
tt0203259,18,Law & Order: Special Victims Unit,2017,8.001,0.28,"Crime,Drama,Mystery"
tt0118401,18,Midsomer Murders,2016,7.1664,0.05,"Crime,Drama,Mystery"
tt0203259,17,Law & Order: Special Victims Unit,2016,8.6406,0.27,"Crime,Drama,Mystery"
tt0118401,17,Midsomer Murders,2015,7.5352,0.04,"Crime,Drama,Mystery"
tt0203259,16,Law & Order: Special Victims Unit,2015,6.5898,0.4,"Crime,Drama,Mystery"
tt0118401,16,Midsomer Murders,2014,7.5946,0.07,"Crime,Drama,Mystery"
tt0413573,15,Grey's Anatomy,2018,8.2666,0.07,"Drama,Romance"
tt0247082,15,CSI: Crime Scene Investigation,2014,7.471,0.17,"Crime,Drama,Mystery"
tt0108757,15,ER,2009,7.7185,0.58,"Drama,Romance"
tt0203259,15,Law & Order: Special Victims Unit,2014,8.4387,0.4,"Crime,Drama,Mystery"
tt0118401,15,Midsomer Murders,2012,7.3327,0.13,"Crime,Drama,Mystery"
tt0452046,14,Criminal Minds,2018,9,0.03,"Crime,Drama,Mystery"
tt0413573,14,Grey's Anatomy,2018,8.6014,1.23,"Drama,Romance"
tt0247082,14,CSI: Crime Scene Investigation,2014,7.5664,0.23,"Crime,Drama,Mystery"
tt0203259,14,Law & Order: Special Victims Unit,2013,8.8197,0.49,"Crime,Drama,Mystery"
tt0118401,14,Midsomer Murders,2011,7.3161,0.16,"Crime,Drama,Mystery"
tt0452046,13,Criminal Minds,2018,7.4787,1.51,"Crime,Drama,Mystery"
tt0460681,13,Supernatural,2018,8.8816,2.8,"Drama,Fantasy,Horror"
tt0247082,13,CSI: Crime Scene Investigation,2013,7.6904,0.31,"Crime,Drama,Mystery"
tt0413573,13,Grey's Anatomy,2017,7.5594,0.58,"Drama,Romance"
tt0118375,13,King of the Hill,2009,7.4113,0.27,"Animation,Comedy,Drama"
tt0203259,13,Law & Order: Special Victims Unit,2012,8.7952,0.74,"Crime,Drama,Mystery"
tt0118401,13,Midsomer Murders,2010,7.2938,0.24,"Crime,Drama,Mystery"
tt0460627,12,Bones,2017,7.9464,0.14,"Comedy,Crime,Drama"
tt0452046,12,Criminal Minds,2017,7.0573,1.17,"Crime,Drama,Mystery"
tt0247082,12,CSI: Crime Scene Investigation,2012,8.1063,0.83,"Crime,Drama,Mystery"
tt0413573,12,Grey's Anatomy,2016,8.5268,0.5,"Drama,Romance"
tt0118375,12,King of the Hill,2008,7.504,0.22,"Animation,Comedy,Drama"
tt0203259,12,Law & Order: Special Victims Unit,2011,8.9302,0.66,"Crime,Drama,Mystery"
tt0118401,12,Midsomer Murders,2009,7.6068,0.26,"Crime,Drama,Mystery"
tt0460681,12,Supernatural,2017,8.5149,1.33,"Drama,Fantasy,Horror"
tt0436992,11,Doctor Who,2018,7.6999,0.8,"Adventure,Drama,Family"
tt0106179,11,The X-Files,2018,7.6945,1.69,"Drama,Mystery,Sci-Fi"
tt0460627,11,Bones,2016,8.0754,0.22,"Comedy,Crime,Drama"
tt0452046,11,Criminal Minds,2016,6.7903,0.92,"Crime,Drama,Mystery"
tt0247082,11,CSI: Crime Scene Investigation,2011,7.4897,0.72,"Crime,Drama,Mystery"
tt0413573,11,Grey's Anatomy,2015,7.3174,0.67,"Drama,Romance"
tt0203259,11,Law & Order: Special Victims Unit,2010,8.886,0.81,"Crime,Drama,Mystery"
tt0118401,11,Midsomer Murders,2008,7.4447,0.32,"Crime,Drama,Mystery"
tt1091909,11,Murdoch Mysteries,2017,8.957,0.01,"Crime,Drama,Mystery"
tt0460681,11,Supernatural,2016,8.9331,1.56,"Drama,Fantasy,Horror"
tt1378167,10,NCIS: Los Angeles,2018,8.7,0.01,"Crime,Drama,Mystery"
tt0094540,10,Roseanne,2018,7.6066,0.32,"Comedy,Drama"
tt0460627,10,Bones,2015,7.6415,0.35,"Comedy,Crime,Drama"
tt0452046,10,Criminal Minds,2015,6.8802,1.3,"Crime,Drama,Mystery"
tt0247082,10,CSI: Crime Scene Investigation,2010,7.6927,0.93,"Crime,Drama,Mystery"
tt0313043,10,CSI: Miami,2011,7.5757,0.22,"Action,Crime,Drama"
tt0436992,10,Doctor Who,2017,7.9045,1.37,"Adventure,Drama,Family"
tt0413573,10,Grey's Anatomy,2014,7.2621,0.71,"Drama,Romance"
tt0275140,10,Law & Order: Criminal Intent,2011,8.166,0.07,"Crime,Drama,Mystery"
tt0203259,10,Law & Order: Special Victims Unit,2009,8.9351,1.04,"Crime,Drama,Mystery"
tt0160904,10,MI-5,2011,8.461,0.02,"Drama,Thriller"
tt1091909,10,Murdoch Mysteries,2017,8.5,0.01,"Crime,Drama,Mystery"
tt0279600,10,Smallville,2011,8.7124,0.94,"Adventure,Drama,Romance"
tt0460681,10,Supernatural,2015,8.5588,2.06,"Drama,Fantasy,Horror"
tt0106179,10,The X-Files,2016,7.6359,1.01,"Drama,Mystery,Sci-Fi"
tt1600194,9,Hawaii Five-0,2018,8.2,0.01,"Action,Crime,Drama"
tt1378167,9,NCIS: Los Angeles,2018,7.925,0.27,"Crime,Drama,Mystery"
tt1586680,9,Shameless,2018,8.0299,0.16,"Comedy,Drama"
tt0460627,9,Bones,2014,7.7742,0.48,"Comedy,Crime,Drama"
tt0452046,9,Criminal Minds,2014,6.9501,1.38,"Crime,Drama,Mystery"
tt0247082,9,CSI: Crime Scene Investigation,2009,7.7956,1.44,"Crime,Drama,Mystery"
tt0313043,9,CSI: Miami,2011,7.5484,0.24,"Action,Crime,Drama"
tt0395843,9,CSI: NY,2012,7.87,0.2,"Action,Crime,Drama"
tt0436992,9,Doctor Who,2015,8.366,2.13,"Adventure,Drama,Family"
tt0413573,9,Grey's Anatomy,2013,8.2577,0.84,"Drama,Romance"
tt0920489,9,Il commissario Montalbano,2013,7.4,0.01,"Crime,Drama,Mystery"
tt0874608,9,Inspector Lewis,2015,7.7168,0.05,"Crime,Drama,Mystery"
tt0275140,9,Law & Order: Criminal Intent,2010,7.9033,0.13,"Crime,Drama,Mystery"
tt0160904,9,MI-5,2010,8.5238,0.05,"Drama,Thriller"
tt1091909,9,Murdoch Mysteries,2015,8.1476,0.06,"Crime,Drama,Mystery"
tt0368530,9,One Tree Hill,2012,8.9767,0.23,"Drama,Romance,Sport"
tt0285403,9,Scrubs,2010,6.42,0.51,"Comedy,Drama"
tt0279600,9,Smallville,2010,8.5703,1.09,"Adventure,Drama,Romance"
tt0460681,9,Supernatural,2014,8.4372,2.32,"Drama,Fantasy,Horror"
tt0285331,8,24,2010,8.4744,1.55,"Action,Crime,Drama"
tt1844624,8,American Horror Story,2018,8.6163,0.92,"Drama,Horror,Thriller"
tt1595859,8,Blue Bloods,2018,7.8797,0.21,"Crime,Drama"
tt1600194,8,Hawaii Five-0,2018,7.6242,0.43,"Action,Crime,Drama"
tt1632701,8,Suits,2018,7.9305,0.33,"Comedy,Drama"
tt1520211,8,The Walking Dead,2018,7.019,7.13,"Drama,Horror,Sci-Fi"
tt0460627,8,Bones,2013,7.7111,0.67,"Comedy,Crime,Drama"
tt1219024,8,Castle,2016,8.0475,0.36,"Comedy,Crime,Drama"
tt0452046,8,Criminal Minds,2013,6.9653,1.68,"Crime,Drama,Mystery"
tt0247082,8,CSI: Crime Scene Investigation,2008,8.0688,1.25,"Crime,Drama,Mystery"
tt0313043,8,CSI: Miami,2010,7.6145,0.37,"Action,Crime,Drama"
tt0395843,8,CSI: NY,2012,7.9273,0.21,"Action,Crime,Drama"
tt0410975,8,Desperate Housewives,2012,8.226,0.57,"Comedy,Drama,Mystery"
tt0773262,8,Dexter,2013,6.9488,2.5,"Crime,Drama,Mystery"
tt0436992,8,Doctor Who,2014,7.8951,2.36,"Adventure,Drama,Family"
tt0387199,8,Entourage,2011,8.2854,0.36,"Comedy,Drama"
tt0413573,8,Grey's Anatomy,2012,8.6265,1.39,"Drama,Romance"
tt0412142,8,House,2012,8.4848,2.63,"Drama,Mystery"
tt0379632,8,Hustle,2012,8.9,0.01,"Crime,Drama,Mystery"
tt0874608,8,Inspector Lewis,2014,7.9191,0.06,"Crime,Drama,Mystery"
tt0275140,8,Law & Order: Criminal Intent,2009,8.0613,0.21,"Crime,Drama,Mystery"
tt0160904,8,MI-5,2009,8.2466,0.09,"Drama,Thriller"
tt0312172,8,Monk,2009,8.4862,0.73,"Comedy,Crime,Drama"
tt1091909,8,Murdoch Mysteries,2015,8.106,0.1,"Crime,Drama,Mystery"
tt1378167,8,NCIS: Los Angeles,2017,8.2669,0.16,"Crime,Drama,Mystery"
tt0368530,8,One Tree Hill,2011,8.6115,0.24,"Drama,Romance,Sport"
tt1319735,8,Royal Pains,2016,6.1,0.01,"Comedy,Drama"
tt0285403,8,Scrubs,2009,8.7016,1.66,"Comedy,Drama"
tt1586680,8,Shameless,2017,8.4991,0.32,"Comedy,Drama"
tt0279600,8,Smallville,2009,8.498,1.6,"Adventure,Drama,Romance"
tt0460681,8,Supernatural,2013,8.5307,2.65,"Drama,Fantasy,Horror"
tt1405406,8,The Vampire Diaries,2017,8.768,0.47,"Drama,Fantasy,Horror"
tt0439100,8,Weeds,2012,7.4982,0.39,"Comedy,Crime,Drama"
tt0285331,7,24,2009,8.4922,2.04,"Action,Crime,Drama"
tt1844624,7,American Horror Story,2017,7.4122,0.85,"Drama,Horror,Thriller"
tt1983079,7,Call the Midwife,2018,8.4023,0.07,"Drama,History"
tt1888075,7,Death in Paradise,2018,7.701,0.07,"Crime,Drama,Mystery"
tt1595859,7,Blue Bloods,2017,7.6671,0.14,"Crime,Drama"
tt1796960,7,Homeland,2018,8.3374,1.05,"Crime,Drama,Mystery"
tt0460627,7,Bones,2012,8.0424,0.61,"Comedy,Crime,Drama"
tt0810788,7,Burn Notice,2013,8.7325,0.17,"Action,Crime,Drama"
tt0904208,7,Californication,2014,7.5632,0.33,"Comedy,Drama"
tt1219024,7,Castle,2015,8.4301,0.61,"Comedy,Crime,Drama"
tt0368479,7,Cold Case,2010,8.6,0.01,"Crime,Drama,Mystery"
tt0452046,7,Criminal Minds,2012,6.95,2.52,"Crime,Drama,Mystery"
tt0313043,7,CSI: Miami,2009,7.836,0.48,"Action,Crime,Drama"
tt0395843,7,CSI: NY,2011,7.9156,0.22,"Action,Crime,Drama"
tt0410975,7,Desperate Housewives,2011,8.1531,0.43,"Comedy,Drama,Mystery"
tt0773262,7,Dexter,2012,8.9068,3.25,"Crime,Drama,Mystery"
tt0436992,7,Doctor Who,2012,7.9833,5.09,"Adventure,Drama,Family"
tt0387199,7,Entourage,2010,8.1566,0.49,"Comedy,Drama"
tt0944947,7,Game of Thrones,2017,9.3014,10.53,"Action,Adventure,Drama"
tt0413573,7,Grey's Anatomy,2011,7.3107,1.05,"Drama,Romance"
tt1600194,7,Hawaii Five-0,2017,7.9759,0.27,"Action,Crime,Drama"
tt0412142,7,House,2011,8.4639,2.22,"Drama,Mystery"
tt0874608,7,Inspector Lewis,2013,7.8951,0.08,"Crime,Drama,Mystery"
tt0275140,7,Law & Order: Criminal Intent,2008,8.2866,0.43,"Crime,Drama,Mystery"
tt0804503,7,Mad Men,2014,8.813,0.87,Drama
tt0412175,7,Medium,2010,7.4392,0.03,"Crime,Drama,Fantasy"
tt0160904,7,MI-5,2008,8.5888,0.11,"Drama,Thriller"
tt0312172,7,Monk,2008,8.0104,0.76,"Comedy,Crime,Drama"
tt1091909,7,Murdoch Mysteries,2013,8.0573,0.14,"Crime,Drama,Mystery"
tt1378167,7,NCIS: Los Angeles,2016,8.5187,0.15,"Crime,Drama,Mystery"
tt1190689,7,Nurse Jackie,2015,8.1931,0.06,"Comedy,Drama"
tt0368530,7,One Tree Hill,2009,8.5481,0.4,"Drama,Romance,Sport"
tt1578873,7,Pretty Little Liars,2016,7.5756,0.3,"Drama,Mystery,Romance"
tt0381798,7,Rescue Me,2011,9.2,0.01,"Comedy,Drama"
tt1551632,7,Rizzoli & Isles,2016,8.3151,0.06,"Crime,Drama,Mystery"
tt1837576,7,Scandal,2017,7.4799,0.1,"Drama,Thriller"
tt0285403,7,Scrubs,2008,8.2232,0.86,"Comedy,Drama"
tt1586680,7,Shameless,2016,8.9098,0.43,"Comedy,Drama"
tt0840196,7,Skins,2013,7.8734,0.13,Drama
tt0279600,7,Smallville,2008,8.5069,1.7,"Adventure,Drama,Romance"
tt1124373,7,Sons of Anarchy,2014,8.9179,1.03,"Crime,Drama,Thriller"
tt1632701,7,Suits,2017,8.4893,0.49,"Comedy,Drama"
tt0460681,7,Supernatural,2012,8.6528,4.18,"Drama,Fantasy,Horror"
tt0458253,7,The Closer,2011,8.472,0.2,"Crime,Drama,Mystery"
tt1442462,7,The Good Wife,2016,7.8073,0.25,"Crime,Drama,Mystery"
tt1196946,7,The Mentalist,2015,8.3758,0.36,"Crime,Drama,Mystery"
tt0286486,7,The Shield,2008,8.1117,1.09,"Crime,Drama,Thriller"
tt1405406,7,The Vampire Diaries,2016,8.4884,0.44,"Drama,Fantasy,Horror"
tt1520211,7,The Walking Dead,2017,7.7381,5.93,"Drama,Horror,Sci-Fi"
tt0844441,7,True Blood,2014,6.9127,0.43,"Drama,Fantasy,Mystery"
tt0439100,7,Weeds,2011,7.507,0.32,"Comedy,Crime,Drama"
tt1734537,6,Agatha Christie's Marple,2014,7.316,0.07,"Crime,Drama,Mystery"
tt1844624,6,American Horror Story,2016,7.8932,0.77,"Drama,Horror,Thriller"
tt2177489,6,Baby Daddy,2017,8.9,0,"Comedy,Drama,Family"
tt1595859,6,Blue Bloods,2016,7.9422,0.14,"Crime,Drama"
tt2261391,6,Chicago Fire,2018,8.7518,0.27,"Action,Drama"
tt0460627,6,Bones,2011,8.0539,0.96,"Comedy,Crime,Drama"
tt0810788,6,Burn Notice,2012,8.5064,0.34,"Action,Crime,Drama"
tt2191671,6,Elementary,2018,8.2116,0.49,"Crime,Drama,Mystery"
tt0904208,6,Californication,2013,7.6177,0.41,"Comedy,Drama"
tt2372162,6,Orange Is the New Black,2018,8.0487,0.7,"Comedy,Crime,Drama"
tt1983079,6,Call the Midwife,2017,8.5121,0.05,"Drama,History"
tt1219024,6,Castle,2014,8.4742,0.8,"Comedy,Crime,Drama"
tt2149175,6,The Americans,2018,9.2232,0.71,"Crime,Drama,Mystery"
tt0368479,6,Cold Case,2008,8.056,0.24,"Crime,Drama,Mystery"
tt0452046,6,Criminal Minds,2011,6.9783,2.19,"Crime,Drama,Mystery"
tt0313043,6,CSI: Miami,2008,7.6672,0.52,"Action,Crime,Drama"
tt0395843,6,CSI: NY,2010,8.0376,0.33,"Action,Crime,Drama"
tt1888075,6,Death in Paradise,2017,7.8847,0.06,"Crime,Drama,Mystery"
tt0410975,6,Desperate Housewives,2010,8.1172,0.61,"Comedy,Drama,Mystery"
tt0773262,6,Dexter,2011,8.4439,2.32,"Crime,Drama,Mystery"
tt0436992,6,Doctor Who,2011,8.2744,4.08,"Adventure,Drama,Family"
tt1606375,6,Downton Abbey,2015,8.7084,0.27,"Drama,Romance"
tt0387199,6,Entourage,2009,8.3233,0.8,"Comedy,Drama"
tt0944947,6,Game of Thrones,2016,9.4943,15.18,"Action,Adventure,Drama"
tt1723816,6,Girls,2017,7.7528,0.18,"Comedy,Drama"
tt1327801,6,Glee,2015,8.6775,0.37,"Comedy,Drama,Music"
tt0397442,6,Gossip Girl,2012,7.6584,0.36,"Drama,Romance"
tt0413573,6,Grey's Anatomy,2010,8.5097,1.66,"Drama,Romance"
tt1830617,6,Grimm,2017,8.6292,0.3,"Drama,Fantasy,Horror"
tt1600194,6,Hawaii Five-0,2016,8.1672,0.23,"Action,Crime,Drama"
tt1796960,6,Homeland,2017,8.1587,0.69,"Crime,Drama,Mystery"
tt0412142,6,House,2010,8.813,3.37,"Drama,Mystery"
tt0874608,6,Inspector Lewis,2012,7.7897,0.1,"Crime,Drama,Mystery"
tt1489428,6,Justified,2015,9.11,0.37,"Action,Crime,Drama"
tt1086761,6,Keeping Up with the Kardashians,2011,3.9,0.01,"Drama,Reality-TV"
tt1836037,6,Longmire,2017,8.9863,0.09,"Action,Crime,Drama"
tt0411008,6,Lost,2010,8.5542,5.05,"Adventure,Drama,Fantasy"
tt0804503,6,Mad Men,2013,8.4031,0.81,Drama
tt1936532,6,Major Crimes,2017,8.3822,0.02,"Crime,Drama,Mystery"
tt0412175,6,Medium,2010,8.1507,0.12,"Crime,Drama,Fantasy"
tt1091909,6,Murdoch Mysteries,2013,8.0601,0.1,"Crime,Drama,Mystery"
tt1378167,6,NCIS: Los Angeles,2015,8.1956,0.21,"Crime,Drama,Mystery"
tt0361217,6,Nip/Tuck,2009,7.559,0.35,Drama
tt0433309,6,Numb3rs,2009,7.9738,0.26,"Crime,Drama,Mystery"
tt1190689,6,Nurse Jackie,2014,8.2912,0.06,"Comedy,Drama"
tt0368530,6,One Tree Hill,2008,8.7702,0.66,"Drama,Romance,Sport"
tt1416765,6,Parenthood,2014,9.0003,0.08,"Comedy,Drama"
tt1578873,6,Pretty Little Liars,2015,7.0538,0.53,"Drama,Mystery,Romance"
tt0972412,6,Private Practice,2012,8.0903,0.14,"Comedy,Drama,Romance"
tt1551632,6,Rizzoli & Isles,2015,8.0994,0.12,"Crime,Drama,Mystery"
tt1837576,6,Scandal,2017,7.8147,0.16,"Drama,Thriller"
tt1586680,6,Shameless,2016,8.7381,0.44,"Comedy,Drama"
tt0840196,6,Skins,2012,7.6992,0.2,Drama
tt1124373,6,Sons of Anarchy,2013,8.7854,0.96,"Crime,Drama,Thriller"
tt1632701,6,Suits,2016,8.8941,0.72,"Comedy,Drama"
tt0460681,6,Supernatural,2011,8.7457,3.71,"Drama,Fantasy,Horror"
tt1567432,6,Teen Wolf,2017,8.8966,0.46,"Action,Comedy,Drama"
tt0458253,6,The Closer,2010,8.385,0.16,"Crime,Drama,Mystery"
tt1442462,6,The Good Wife,2015,8.1264,0.36,"Crime,Drama,Mystery"
tt0330251,6,The L Word,2009,7.1419,0.06,"Drama,Romance"
tt1196946,6,The Mentalist,2014,8.3736,0.96,"Crime,Drama,Mystery"
tt1405406,6,The Vampire Diaries,2015,8.4253,0.74,"Drama,Fantasy,Horror"
tt1520211,6,The Walking Dead,2016,8.307,5.26,"Drama,Horror,Sci-Fi"
tt0844441,6,True Blood,2013,7.9957,0.5,"Drama,Fantasy,Mystery"
tt0439100,6,Weeds,2010,7.7861,0.44,"Comedy,Crime,Drama"
tt1358522,6,White Collar,2014,8.7027,0.18,"Comedy,Crime,Drama"
tt1225901,5,90210,2013,7.653,0.01,"Comedy,Drama,Romance"
tt1734537,5,Agatha Christie's Marple,2010,7.3715,0.23,"Crime,Drama,Mystery"
tt1844624,5,American Horror Story,2015,7.8947,1.12,"Drama,Horror,Thriller"
tt1663676,5,Awkward.,2016,7.8689,0.01,"Comedy,Drama,Romance"
tt2177489,5,Baby Daddy,2016,9.1413,0.01,"Comedy,Drama,Family"
tt2188671,5,Bates Motel,2017,9.0583,0.4,"Drama,Horror,Mystery"
tt0421030,5,Big Love,2011,8.1403,0.02,Drama
tt1595859,5,Blue Bloods,2015,8.0654,0.21,"Crime,Drama"
tt0979432,5,Boardwalk Empire,2014,8.7879,0.46,"Crime,Drama,History"
tt0460627,5,Bones,2010,8.0668,1.17,"Comedy,Crime,Drama"
tt0402711,5,Boston Legal,2008,8.0657,0.27,"Comedy,Crime,Drama"
tt0903747,5,Breaking Bad,2013,9.554,18.95,"Crime,Drama,Thriller"
tt0758737,5,Brothers & Sisters,2011,9.1,0.01,Drama
tt0810788,5,Burn Notice,2011,8.2586,0.29,"Action,Crime,Drama"
tt0904208,5,Californication,2012,7.8448,0.69,"Comedy,Drama"
tt1983079,5,Call the Midwife,2016,8.7901,0.04,"Drama,History"
tt1219024,5,Castle,2013,8.6541,1.15,"Comedy,Crime,Drama"
tt2364582,5,Agents of S.H.I.E.L.D.,2018,8.8967,2.42,"Action,Adventure,Drama"
tt3398228,5,BoJack Horseman,2018,9.4738,0.45,"Animation,Comedy,Drama"
tt2261391,5,Chicago Fire,2017,8.8944,0.18,"Action,Drama"
tt2805096,5,Chicago P.D.,2018,8.7741,0.31,"Action,Crime,Drama"
tt3205802,5,How to Get Away with Murder,2018,8.6119,0.06,"Crime,Drama,Mystery"
tt0934814,5,Chuck,2011,8.6545,0.71,"Action,Comedy,Drama"
tt3501074,5,Madam Secretary,2018,7.5,0.01,Drama
tt2660806,5,Mom,2018,7.962,0.25,"Comedy,Drama,Romance"
tt3281796,5,Power,2018,8.7658,0.18,"Crime,Drama"
tt2661044,5,The 100,2018,9.0654,1.52,"Drama,Mystery,Sci-Fi"
tt2741602,5,The Blacklist,2018,8.4026,1.05,"Crime,Drama,Mystery"
tt3107288,5,The Flash,2018,8.5,0.14,"Action,Adventure,Drama"
tt2402207,5,The Last Ship,2018,7.9254,0.12,"Action,Drama,Sci-Fi"
tt1495708,5,Covert Affairs,2014,8.2527,0.07,"Action,Crime,Drama"
tt2632424,5,The Originals,2018,8.8019,0.51,"Drama,Fantasy,Horror"
tt2874692,5,When Calls the Heart,2018,8.6355,0.1,Drama
tt0452046,5,Criminal Minds,2010,7.029,2.93,"Crime,Drama,Mystery"
tt0395843,5,CSI: NY,2009,8.1069,0.46,"Action,Crime,Drama"
tt0914387,5,Damages,2012,8.4696,0.14,"Crime,Drama,Mystery"
tt1888075,5,Death in Paradise,2016,7.7663,0.05,"Crime,Drama,Mystery"
tt0410975,5,Desperate Housewives,2009,8.3822,0.92,"Comedy,Drama,Mystery"
tt0773262,5,Dexter,2010,8.7322,2.92,"Crime,Drama,Mystery"
tt0436992,5,Doctor Who,2010,8.3283,5.44,"Adventure,Drama,Family"
tt1606375,5,Downton Abbey,2015,8.4253,0.27,"Drama,Romance"
tt1280822,5,Drop Dead Diva,2013,8.5,0.01,"Comedy,Drama"
tt2191671,5,Elementary,2017,8.0232,0.44,"Crime,Drama,Mystery"
tt0387199,5,Entourage,2008,8.5783,1.03,"Comedy,Drama"
tt0796264,5,Eureka,2012,8.3299,0.28,"Adventure,Comedy,Drama"
tt1462059,5,Falling Skies,2015,7.5706,0.18,"Action,Adventure,Drama"
tt0758745,5,Friday Night Lights,2010,8.7262,0.3,"Drama,Sport"
tt1119644,5,Fringe,2012,8.7508,1.35,"Drama,Mystery,Sci-Fi"
tt0944947,5,Game of Thrones,2015,9.1323,9.63,"Action,Adventure,Drama"
tt0460644,5,Ghost Whisperer,2010,7.8727,0.05,"Drama,Fantasy"
tt1723816,5,Girls,2016,7.9589,0.13,"Comedy,Drama"
tt1327801,5,Glee,2014,8.4054,0.68,"Comedy,Drama,Music"
tt0397442,5,Gossip Girl,2012,7.3279,0.65,"Drama,Romance"
tt0413573,5,Grey's Anatomy,2009,8.9359,2.34,"Drama,Romance"
tt1830617,5,Grimm,2016,8.5377,0.41,"Drama,Fantasy,Horror"
tt1600194,5,Hawaii Five-0,2015,8.3125,0.33,"Action,Crime,Drama"
tt1094229,5,Heartland,2011,8.9,0.01,"Drama,Family"
tt1796960,5,Homeland,2015,8.429,0.85,"Crime,Drama,Mystery"
tt0412142,5,House,2009,8.7248,4.64,"Drama,Mystery"
tt1856010,5,House of Cards,2017,8.4187,1.09,Drama
tt1797404,5,House of Lies,2016,8,0,"Comedy,Drama"
tt0379632,5,Hustle,2009,8.5,0.04,"Crime,Drama,Mystery"
tt0874608,5,Inspector Lewis,2011,7.9013,0.08,"Crime,Drama,Mystery"
tt1489428,5,Justified,2014,8.6514,0.35,"Action,Crime,Drama"
tt1836037,5,Longmire,2016,8.9106,0.1,"Action,Crime,Drama"
tt0411008,5,Lost,2009,8.8167,6.18,"Adventure,Drama,Fantasy"
tt1492966,5,Louie,2015,8.4584,0.15,"Comedy,Drama"
tt0804503,5,Mad Men,2012,8.7263,1.45,Drama
tt1936532,5,Major Crimes,2016,8.4596,0.08,"Crime,Drama,Mystery"
tt0412175,5,Medium,2009,8.2591,0.16,"Crime,Drama,Fantasy"
tt1199099,5,Merlin,2013,8.4864,0.3,"Adventure,Drama,Fantasy"
tt1091909,5,Murdoch Mysteries,2012,8.009,0.17,"Crime,Drama,Mystery"
tt2281375,5,Nashville,2017,8.58,0.06,"Drama,Music,Romance"
tt1378167,5,NCIS: Los Angeles,2014,8.0364,0.23,"Crime,Drama,Mystery"
tt0361217,5,Nip/Tuck,2008,7.9022,0.55,Drama
tt0433309,5,Numb3rs,2009,7.8794,0.39,"Crime,Drama,Mystery"
tt1190689,5,Nurse Jackie,2013,8.1126,0.06,"Comedy,Drama"
tt0368530,5,One Tree Hill,2008,8.8716,0.51,"Drama,Romance,Sport"
tt2372162,5,Orange Is the New Black,2017,8.2242,0.54,"Comedy,Crime,Drama"
tt1416765,5,Parenthood,2013,8.4906,0.08,"Comedy,Drama"
tt1839578,5,Person of Interest,2016,9.3189,1.28,"Action,Crime,Drama"
tt1578873,5,Pretty Little Liars,2014,8.1185,0.59,"Drama,Mystery,Romance"
tt0455275,5,Prison Break,2017,8.5332,1.15,"Action,Crime,Drama"
tt0972412,5,Private Practice,2012,8.1677,0.23,"Comedy,Drama,Romance"
tt2249007,5,Ray Donovan,2017,8.0572,0.24,"Crime,Drama"
tt0381798,5,Rescue Me,2009,8.7877,0.03,"Comedy,Drama"
tt1551632,5,Rizzoli & Isles,2014,8.0163,0.16,"Crime,Drama,Mystery"
tt1442065,5,Rookie Blue,2014,8.8,0,"Crime,Drama"
tt1837576,5,Scandal,2016,7.8418,0.17,"Drama,Thriller"
tt1586680,5,Shameless,2015,8.9492,0.67,"Comedy,Drama"
tt0840196,5,Skins,2011,7.4275,0.15,Drama
tt1124373,5,Sons of Anarchy,2012,8.8271,1.41,"Crime,Drama,Thriller"
tt1299368,5,Southland,2013,8.5096,0.1,"Crime,Drama,Thriller"
tt0374455,5,Stargate: Atlantis,2008,7.9907,1.42,"Action,Adventure,Drama"
tt1632701,5,Suits,2015,9.3501,1.37,"Comedy,Drama"
tt0460681,5,Supernatural,2010,9.075,5.94,"Drama,Fantasy,Horror"
tt1567432,5,Teen Wolf,2015,8.8157,0.57,"Action,Comedy,Drama"
tt2149175,5,The Americans,2017,8.3003,0.33,"Crime,Drama,Mystery"
tt0458253,5,The Closer,2009,8.4455,0.24,"Crime,Drama,Mystery"
tt2262532,5,The Fosters,2017,8.3009,0.01,"Drama,Romance"
tt1442462,5,The Good Wife,2014,8.6433,0.5,"Crime,Drama,Mystery"
tt0330251,5,The L Word,2008,7.8995,0.17,"Drama,Romance"
tt1196946,5,The Mentalist,2013,8.2447,0.85,"Crime,Drama,Mystery"
tt1405406,5,The Vampire Diaries,2014,8.3912,0.98,"Drama,Fantasy,Horror"
tt1520211,5,The Walking Dead,2015,8.5695,5.9,"Drama,Horror,Sci-Fi"
tt0306414,5,The Wire,2008,8.4093,2.43,"Crime,Drama,Thriller"
tt0844441,5,True Blood,2012,8.0424,0.98,"Drama,Fantasy,Mystery"
tt2306299,5,Vikings,2017,8.1513,0.82,"Action,Adventure,Drama"
tt1132290,5,Warehouse 13,2014,8.1722,0.08,"Drama,Mystery,Sci-Fi"
tt0439100,5,Weeds,2009,7.6852,0.6,"Comedy,Crime,Drama"
tt2433738,5,Wentworth,2017,9.0844,0.07,"Crime,Drama"
tt1358522,5,White Collar,2013,8.0702,0.31,"Comedy,Crime,Drama"
tt1225901,4,90210,2011,6.8344,0.04,"Comedy,Drama,Romance"
tt1734537,4,Agatha Christie's Marple,2009,7.0746,0.4,"Crime,Drama,Mystery"
tt2364582,4,Agents of S.H.I.E.L.D.,2017,8.84,1.44,"Action,Adventure,Drama"
tt1844624,4,American Horror Story,2014,8.2265,1.5,"Drama,Horror,Thriller"
tt1663676,4,Awkward.,2014,7.9692,0.09,"Comedy,Drama,Romance"
tt2177489,4,Baby Daddy,2015,8.9823,0.02,"Comedy,Drama,Family"
tt2017109,4,Banshee,2016,8.892,0.25,"Action,Crime,Drama"
tt2188671,4,Bates Motel,2016,8.932,0.36,"Drama,Horror,Mystery"
tt0407362,4,Battlestar Galactica,2008,8.4363,3.11,"Action,Adventure,Drama"
tt2085059,4,Black Mirror,2017,7.9251,5.83,"Drama,Sci-Fi,Thriller"
tt1595859,4,Blue Bloods,2014,8.2605,0.23,"Crime,Drama"
tt0979432,4,Boardwalk Empire,2013,8.6249,0.71,"Crime,Drama,History"
tt3398228,4,BoJack Horseman,2017,8.6384,0.78,"Animation,Comedy,Drama"
tt0460627,4,Bones,2009,7.9163,1.84,"Comedy,Crime,Drama"
tt0402711,4,Boston Legal,2008,7.7656,0.43,"Comedy,Crime,Drama"
tt0903747,4,Breaking Bad,2011,9.1069,10.79,"Crime,Drama,Thriller"
tt0810788,4,Burn Notice,2010,8.4131,0.43,"Action,Crime,Drama"
tt0904208,4,Californication,2011,8.1737,0.55,"Comedy,Drama"
tt1983079,4,Call the Midwife,2015,8.7706,0.06,"Drama,History"
tt1219024,4,Castle,2012,8.6687,1.76,"Comedy,Crime,Drama"
tt2261391,4,Chicago Fire,2016,8.6481,0.15,"Action,Drama"
tt2805096,4,Chicago P.D.,2017,8.7036,0.2,"Action,Crime,Drama"
tt0934814,4,Chuck,2011,8.645,1.23,"Action,Comedy,Drama"
tt1495708,4,Covert Affairs,2013,8.3539,0.11,"Action,Crime,Drama"
tt0452046,4,Criminal Minds,2009,7.2227,4.38,"Crime,Drama,Mystery"
tt0395843,4,CSI: NY,2008,7.8755,0.51,"Action,Crime,Drama"
tt0914387,4,Damages,2011,8.0621,0.12,"Crime,Drama,Mystery"
tt3148266,4,12 Monkeys,2018,9.1363,0.38,"Adventure,Drama,Mystery"
tt2891574,4,Ballers,2018,8.1247,0.42,"Comedy,Drama,Sport"
tt1888075,4,Death in Paradise,2015,7.7028,0.07,"Crime,Drama,Mystery"
tt3032476,4,Better Call Saul,2018,8.8911,2.13,"Crime,Drama"
tt3743822,4,Fear the Walking Dead,2018,7.4229,1.56,"Drama,Horror,Sci-Fi"
tt0410975,4,Desperate Housewives,2008,8.5066,0.86,"Comedy,Drama,Mystery"
tt2226342,4,Devious Maids,2016,8.8316,0.03,"Comedy,Drama,Mystery"
tt0773262,4,Dexter,2009,9.1477,4.74,"Crime,Drama,Mystery"
tt3749900,4,Gotham,2018,8.6719,1.94,"Action,Crime,Drama"
tt3501584,4,iZombie,2018,8.1214,0.32,"Comedy,Crime,Drama"
tt0436992,4,Doctor Who,2008,8.4946,8.98,"Adventure,Drama,Family"
tt1606375,4,Downton Abbey,2014,8.207,0.32,"Drama,Romance"
tt1280822,4,Drop Dead Diva,2012,7.8,0.02,"Comedy,Drama"
tt3501074,4,Madam Secretary,2018,7.3776,0.25,Drama
tt0866442,4,Eastbound & Down,2013,8.5425,0.1,"Comedy,Drama,Sport"
tt3502172,4,Mozart in the Jungle,2018,7.9837,0.12,"Comedy,Drama,Music"
tt2191671,4,Elementary,2016,8.2231,0.41,"Crime,Drama,Mystery"
tt3228904,4,Empire,2017,8.0126,0.04,"Drama,Music"
tt0796264,4,Eureka,2011,8.0644,0.4,"Adventure,Comedy,Drama"
tt1462059,4,Falling Skies,2014,7.6965,0.25,"Action,Adventure,Drama"
tt3560084,4,NCIS: New Orleans,2018,7.8578,0.23,"Crime,Drama"
tt3636060,4,Poldark,2018,8.6542,0.03,"Drama,History,Romance"
tt2699110,4,The Affair,2018,8.4134,0.25,Drama
tt0758745,4,Friday Night Lights,2009,8.6724,0.39,"Drama,Sport"
tt1119644,4,Fringe,2012,8.4401,2.28,"Drama,Mystery,Sci-Fi"
tt0944947,4,Game of Thrones,2014,9.4282,11.07,"Action,Adventure,Drama"
tt3107288,4,The Flash,2018,7.7634,3.8,"Action,Adventure,Drama"
tt0460644,4,Ghost Whisperer,2009,7.6091,0.32,"Drama,Fantasy"
tt3230454,4,The Last Man on Earth,2018,7.4967,0.39,"Action,Comedy,Drama"
tt1723816,4,Girls,2015,7.3132,0.14,"Comedy,Drama"
tt1327801,4,Glee,2013,8.2433,0.89,"Comedy,Drama,Music"
tt3339966,4,Unbreakable Kimmy Schmidt,2018,7.6073,0.18,"Comedy,Drama"
tt1415889,4,Good Luck Charlie,2014,8.6,0.01,"Comedy,Drama,Family"
tt3906732,4,Good Witch,2017,7.5,0.01,"Comedy,Drama,Fantasy"
tt0397442,4,Gossip Girl,2011,7.5314,0.53,"Drama,Romance"
tt0976014,4,Greek,2011,9.4,0.01,"Comedy,Drama"
tt0413573,4,Grey's Anatomy,2008,8.0167,1.6,"Drama,Romance"
tt1830617,4,Grimm,2015,8.7208,0.58,"Drama,Fantasy,Horror"
tt2543312,4,Halt and Catch Fire,2017,8.6686,0.14,Drama
tt1832979,4,Hart of Dixie,2015,8.723,0.07,"Comedy,Drama,Romance"
tt1600194,4,Hawaii Five-0,2014,8.3449,0.34,"Action,Crime,Drama"
tt1094229,4,Heartland,2011,8.6525,0.02,"Drama,Family"
tt0813715,4,Heroes,2009,7.4616,1.51,"Drama,Fantasy,Sci-Fi"
tt1796960,4,Homeland,2014,8.392,1.48,"Crime,Drama,Mystery"
tt0412142,4,House,2008,9.0595,4.78,"Drama,Mystery"
tt1856010,4,House of Cards,2016,8.8505,1.23,Drama
tt1797404,4,House of Lies,2015,7.4086,0.03,"Comedy,Drama"
tt3205802,4,How to Get Away with Murder,2017,8.7836,0.42,"Crime,Drama,Mystery"
tt0874608,4,Inspector Lewis,2010,7.7816,0.11,"Crime,Drama,Mystery"
tt1489428,4,Justified,2013,8.6216,0.46,"Action,Crime,Drama"
tt1836037,4,Longmire,2015,9.1341,0.31,"Action,Crime,Drama"
tt0411008,4,Lost,2008,8.9385,6.97,"Adventure,Drama,Fantasy"
tt1492966,4,Louie,2014,8.6123,0.38,"Comedy,Drama"
tt0804503,4,Mad Men,2010,8.8468,1.62,Drama
tt1936532,4,Major Crimes,2015,8.4832,0.12,"Crime,Drama,Mystery"
tt2137109,4,Masters of Sex,2016,8.2766,0.06,"Drama,Romance"
tt0412175,4,Medium,2008,8.1446,0.25,"Crime,Drama,Fantasy"
tt1199099,4,Merlin,2011,8.5633,0.38,"Adventure,Drama,Fantasy"
tt2660806,4,Mom,2017,7.9034,0.16,"Comedy,Drama,Romance"
tt1091909,4,Murdoch Mysteries,2011,8.1534,0.14,"Crime,Drama,Mystery"
tt2281375,4,Nashville,2016,8.3066,0.07,"Drama,Music,Romance"
tt1378167,4,NCIS: Los Angeles,2013,7.8533,0.26,"Crime,Drama,Mystery"
tt1592154,4,Nikita,2013,8.9584,0.11,"Action,Crime,Drama"
tt0433309,4,Numb3rs,2008,7.7832,0.39,"Crime,Drama,Mystery"
tt1190689,4,Nurse Jackie,2012,8.1776,0.1,"Comedy,Drama"
tt2372162,4,Orange Is the New Black,2016,8.7284,0.63,"Comedy,Crime,Drama"
tt1416765,4,Parenthood,2012,8.7012,0.15,"Comedy,Drama"
tt2442560,4,Peaky Blinders,2017,9.1801,0.68,"Crime,Drama"
tt1839578,4,Person of Interest,2015,9.1942,2.28,"Action,Crime,Drama"
tt3281796,4,Power,2017,9.0388,0.14,"Crime,Drama"
tt1578873,4,Pretty Little Liars,2013,8.2632,0.7,"Drama,Mystery,Romance"
tt0455275,4,Prison Break,2008,8.3589,5.84,"Action,Crime,Drama"
tt0972412,4,Private Practice,2011,8.1172,0.2,"Comedy,Drama,Romance"
tt2249007,4,Ray Donovan,2016,8.442,0.21,"Crime,Drama"
tt2183404,4,Rectify,2016,8.9413,0.07,Drama
tt2710394,4,Reign,2017,8.1498,0.07,"Drama,Fantasy"
tt1837642,4,Revenge,2015,8.6709,0.43,"Drama,Mystery,Thriller"
tt1551632,4,Rizzoli & Isles,2013,8.1349,0.17,"Crime,Drama,Mystery"
tt1442065,4,Rookie Blue,2013,8.5738,0.04,"Crime,Drama"
tt1837576,4,Scandal,2015,8.0882,0.31,"Drama,Thriller"
tt3514324,4,Scorpion,2017,7.8145,0.17,"Action,Crime,Drama"
tt1586680,4,Shameless,2014,9.1156,0.81,"Comedy,Drama"
tt1475582,4,Sherlock,2016,8.3557,2.82,"Crime,Drama,Mystery"
tt0840196,4,Skins,2010,8.0659,0.28,Drama
tt2647544,4,Sleepy Hollow,2017,7.7617,0.11,"Adventure,Drama,Fantasy"
tt1124373,4,Sons of Anarchy,2011,8.872,1.24,"Crime,Drama,Thriller"
tt1299368,4,Southland,2012,8.3335,0.11,"Crime,Drama,Thriller"
tt1632701,4,Suits,2014,9.0095,1.14,"Comedy,Drama"
tt0460681,4,Supernatural,2009,8.9288,7.51,"Drama,Fantasy,Horror"
tt1567432,4,Teen Wolf,2014,8.8985,0.45,"Action,Comedy,Drama"
tt2661044,4,The 100,2017,8.4482,0.99,"Drama,Mystery,Sci-Fi"
tt2149175,4,The Americans,2016,8.6061,0.31,"Crime,Drama,Mystery"
tt1515193,4,The Big C,2013,8.9461,0.03,"Comedy,Drama"
tt2741602,4,The Blacklist,2017,8.1895,0.62,"Crime,Drama,Mystery"
tt0458253,4,The Closer,2008,8.4451,0.32,"Crime,Drama,Mystery"
tt2262532,4,The Fosters,2016,6.8895,0.08,"Drama,Romance"
tt1552112,4,The Glades,2013,8.1295,0.01,"Action,Crime,Drama"
tt1442462,4,The Good Wife,2013,8.0686,0.43,"Crime,Drama,Mystery"
tt1637727,4,The Killing,2014,8.8251,0.22,"Crime,Drama,Mystery"
tt2402207,4,The Last Ship,2017,8.3815,0.16,"Action,Drama,Sci-Fi"
tt1196946,4,The Mentalist,2012,8.2263,1.45,"Crime,Drama,Mystery"
tt2477230,4,The Night Shift,2017,4.4073,0.08,"Drama,Romance"
tt2632424,4,The Originals,2017,9.0221,0.31,"Drama,Fantasy,Horror"
tt2654620,4,The Strain,2017,8.4179,0.21,"Drama,Horror,Thriller"
tt0460690,4,The Unit,2009,8.0752,0.28,"Action,Drama,Thriller"
tt1405406,4,The Vampire Diaries,2013,8.7218,1.45,"Drama,Fantasy,Horror"
tt1520211,4,The Walking Dead,2014,8.4808,6.5,"Drama,Horror,Sci-Fi"
tt0485301,4,Torchwood,2011,7.6151,0.41,"Action,Drama,Sci-Fi"
tt3502262,4,Transparent,2017,7.5694,0.05,"Comedy,Drama"
tt1279972,4,Treme,2013,8.3918,0.03,"Drama,Music"
tt0844441,4,True Blood,2011,8.2633,0.84,"Drama,Fantasy,Mystery"
tt2543328,4,TURN: Washington's Spies,2017,9.1314,0.09,"Drama,History,War"
tt0805669,4,Ugly Betty,2010,8.779,0.07,"Comedy,Drama,Romance"
tt1842530,4,Unforgettable,2015,8.7564,0.03,"Crime,Drama,Mystery"
tt1604099,4,Victorious,2012,7.8806,0.13,"Comedy,Drama,Family"
tt2306299,4,Vikings,2016,8.5089,1.79,"Action,Adventure,Drama"
tt1132290,4,Warehouse 13,2013,8.1565,0.28,"Drama,Mystery,Sci-Fi"
tt0439100,4,Weeds,2008,7.943,0.76,"Comedy,Crime,Drama"
tt2433738,4,Wentworth,2016,9.2945,0.08,"Crime,Drama"
tt2874692,4,When Calls the Heart,2017,9.064,0.13,Drama
tt1358522,4,White Collar,2012,7.9585,0.62,"Comedy,Crime,Drama"
tt1703925,4,Wilfred,2014,8.2149,0.06,"Comedy,Drama,Mystery"
tt0799922,4,Wizards of Waverly Place,2011,7.8918,0.07,"Comedy,Drama,Family"
tt3228420,4,You're the Worst,2017,8.0812,0.07,"Comedy,Drama,Romance"
tt3843168,4,Z Nation,2017,8.0534,0.12,"Action,Comedy,Drama"
tt0415463,4,Zoey 101,2008,8.7,0.02,"Comedy,Drama,Family"
tt1225901,3,90210,2010,7.6858,0.1,"Comedy,Drama,Romance"
tt3148266,3,12 Monkeys,2017,9.0369,0.19,"Adventure,Drama,Mystery"
tt1734537,3,Agatha Christie's Marple,2008,7.1943,0.5,"Crime,Drama,Mystery"
tt2364582,3,Agents of S.H.I.E.L.D.,2016,8.7249,1.33,"Action,Adventure,Drama"
tt3488298,3,American Crime,2017,8.9608,0.13,"Crime,Drama"
tt1844624,3,American Horror Story,2013,8.1845,1.9,"Drama,Horror,Thriller"
tt1663676,3,Awkward.,2013,7.8434,0.13,"Comedy,Drama,Romance"
tt2177489,3,Baby Daddy,2014,8.8466,0.06,"Comedy,Drama,Family"
tt2891574,3,Ballers,2017,8.3598,0.33,"Comedy,Drama,Sport"
tt2017109,3,Banshee,2015,9.1633,0.51,"Action,Crime,Drama"
tt2188671,3,Bates Motel,2015,8.7558,0.46,"Drama,Horror,Mystery"
tt3032476,3,Better Call Saul,2017,8.9852,1.61,"Crime,Drama"
tt0421030,3,Big Love,2009,7.832,0.13,Drama
tt2085059,3,Black Mirror,2016,8.3515,5.15,"Drama,Sci-Fi,Thriller"
tt3520702,3,Bloodline,2017,6.5883,0.19,"Drama,Thriller"
tt1595859,3,Blue Bloods,2013,8.0972,0.25,"Crime,Drama"
tt0979432,3,Boardwalk Empire,2012,8.7089,1.23,"Crime,Drama,History"
tt1587669,3,Body of Proof,2013,7.8281,0.1,"Crime,Drama"
tt3398228,3,BoJack Horseman,2016,8.3554,0.62,"Animation,Comedy,Drama"
tt0460627,3,Bones,2008,8.0683,1.3,"Comedy,Crime,Drama"
tt1255913,3,Bored to Death,2011,7.6955,0.09,"Comedy,Crime,Drama"
tt3502248,3,Bosch,2017,8.8512,0.17,"Crime,Drama"
tt0903747,3,Breaking Bad,2010,8.7466,12.34,"Crime,Drama,Thriller"
tt0810788,3,Burn Notice,2009,8.4393,0.6,"Action,Crime,Drama"
tt0904208,3,Californication,2009,8.3316,1.17,"Comedy,Drama"
tt1983079,3,Call the Midwife,2014,8.9397,0.08,"Drama,History"
tt1219024,3,Castle,2011,8.5497,1.37,"Comedy,Crime,Drama"
tt2261391,3,Chicago Fire,2015,8.6095,0.21,"Action,Drama"
tt2805096,3,Chicago P.D.,2016,8.5349,0.17,"Action,Crime,Drama"
tt0934814,3,Chuck,2010,8.9672,1.54,"Action,Comedy,Drama"
tt1495708,3,Covert Affairs,2012,8.2638,0.22,"Action,Crime,Drama"
tt0452046,3,Criminal Minds,2008,7.2622,3.99,"Crime,Drama,Mystery"
tt2094262,3,Da Vinci's Demons,2015,8.0721,0.18,"Adventure,Biography,Drama"
tt1723760,3,Dallas,2014,8.7194,0.02,"Drama,Romance"
tt0914387,3,Damages,2010,8.18,0.25,"Crime,Drama,Mystery"
tt1888075,3,Death in Paradise,2014,7.7386,0.09,"Crime,Drama,Mystery"
tt2189221,3,Defiance,2015,8.216,0.13,"Action,Drama,Sci-Fi"
tt2226342,3,Devious Maids,2015,8.6202,0.07,"Comedy,Drama,Mystery"
tt0773262,3,Dexter,2008,8.6281,4.35,"Crime,Drama,Mystery"
tt1606375,3,Downton Abbey,2013,8.4051,0.46,"Drama,Romance"
tt1280822,3,Drop Dead Diva,2011,8.1898,0.02,"Comedy,Drama"
tt0866442,3,Eastbound & Down,2012,8.1105,0.15,"Comedy,Drama,Sport"
tt2191671,3,Elementary,2015,8.2303,0.58,"Crime,Drama,Mystery"
tt3228904,3,Empire,2017,7.5549,0.11,"Drama,Music"
tt0796264,3,Eureka,2009,7.9129,0.62,"Adventure,Comedy,Drama"
tt3127020,3,Faking It,2016,8.3607,0.01,"Comedy,Drama,Romance"
tt1462059,3,Falling Skies,2013,7.9686,0.29,"Action,Adventure,Drama"
tt2802850,3,Fargo,2017,8.6596,1.25,"Crime,Drama,Thriller"
tt3743822,3,Fear the Walking Dead,2017,7.4823,1.02,"Drama,Horror,Sci-Fi"
tt0758745,3,Friday Night Lights,2008,8.4095,0.43,"Drama,Sport"
tt1119644,3,Fringe,2011,8.5189,1.98,"Drama,Mystery,Sci-Fi"
tt0944947,3,Game of Thrones,2013,9.2876,11.14,"Action,Adventure,Drama"
tt0460644,3,Ghost Whisperer,2008,7.5974,0.31,"Drama,Fantasy"
tt2543796,3,Girl Meets World,2016,8.2113,0.09,"Comedy,Drama,Family"
tt1723816,3,Girls,2014,7.4117,0.22,"Comedy,Drama"
tt1327801,3,Glee,2012,8.6066,1.73,"Comedy,Drama,Music"
tt5574490,3,Animal Kingdom,2018,8.6392,0.18,"Crime,Drama"
tt3468798,3,Baskets,2018,7.6,0.02,"Comedy,Drama"
tt2049116,3,Gomorrah,2017,8.309,0.09,"Crime,Drama,Thriller"
tt4270492,3,Billions,2018,8.6774,0.52,Drama
tt3906732,3,Good Witch,2016,8.4,0.01,"Comedy,Drama,Fantasy"
tt0397442,3,Gossip Girl,2010,7.6309,0.74,"Drama,Romance"
tt4474344,3,Blindspot,2018,8.0905,0.59,"Action,Crime,Drama"
tt3749900,3,Gotham,2017,8.4649,1.28,"Action,Crime,Drama"
tt2393813,3,Graceland,2015,8.5176,0.01,"Action,Crime,Drama"
tt4820370,3,Channel Zero,2018,7.7958,0.07,"Drama,Horror,Mystery"
tt4655480,3,Chicago Med,2018,4.5872,0.74,Drama
tt1830617,3,Grimm,2014,8.7073,0.65,"Drama,Fantasy,Horror"
tt2543312,3,Halt and Catch Fire,2016,8.4143,0.1,Drama
tt2243973,3,Hannibal,2015,9.052,1.8,"Crime,Drama,Horror"
tt4452630,3,Code Black,2018,8.8821,0.25,Drama
tt1832979,3,Hart of Dixie,2014,8.0124,0.14,"Comedy,Drama,Romance"
tt4209256,3,Colony,2018,8.3492,0.29,"Action,Adventure,Drama"
tt3865236,3,Into the Badlands,2018,8.3568,0.22,"Action,Adventure,Drama"
tt1600194,3,Hawaii Five-0,2013,8.2003,0.46,"Action,Crime,Drama"
tt4532368,3,Legends of Tomorrow,2018,8.4117,1.8,"Action,Adventure,Drama"
tt0813715,3,Heroes,2009,7.6512,2.72,"Drama,Fantasy,Sci-Fi"
tt5164196,3,Lethal Weapon,2018,6.1025,0.19,"Action,Crime,Drama"
tt4061080,3,Love,2018,7.9039,0.07,"Comedy,Drama,Romance"
tt1796960,3,Homeland,2013,8.2983,1.43,"Crime,Drama,Mystery"
tt1856010,3,House of Cards,2015,8.6182,1.63,Drama
tt1797404,3,House of Lies,2014,7.321,0.07,"Comedy,Drama"
tt4052886,3,Lucifer,2018,8.955,4.51,"Crime,Drama,Fantasy"
tt3205802,3,How to Get Away with Murder,2016,8.7582,0.44,"Crime,Drama,Mystery"
tt1229413,3,Hung,2011,7.5019,0.09,"Comedy,Drama"
tt5016504,3,Preacher,2018,8.4945,0.44,"Adventure,Drama,Fantasy"
tt4428122,3,Quantico,2018,6.7935,0.29,"Crime,Drama,Mystery"
tt0874608,3,Inspector Lewis,2009,7.8454,0.16,"Crime,Drama,Mystery"
tt1064899,3,Queen of the South,2018,8.7756,0.03,"Action,Crime,Drama"
tt5420376,3,Riverdale,2018,8.2,0.07,"Crime,Drama,Mystery"
tt4118584,3,Shades of Blue,2018,8.2155,0.02,"Crime,Drama"
tt3501584,3,iZombie,2017,8.4077,0.23,"Comedy,Crime,Drama"
tt4181172,3,Shooter,2018,8.116,0.22,"Action,Drama"
tt1489428,3,Justified,2012,8.7207,0.75,"Action,Crime,Drama"
tt4016454,3,Supergirl,2018,7.7416,1.9,"Action,Adventure,Drama"
tt3230854,3,The Expanse,2018,9.1892,1.24,"Drama,Mystery,Sci-Fi"
tt3673794,3,Kingdom,2017,9.3769,0.03,Drama
tt4955642,3,The Good Place,2018,8.0346,0.16,"Comedy,Drama,Fantasy"
tt4254242,3,The Magicians,2018,8.8653,0.4,"Drama,Fantasy"
tt0756509,3,Kyle XY,2009,8.2169,0.16,"Drama,Mystery,Romance"
tt1740299,3,The Man in the High Castle,2018,8.3794,0.31,"Drama,Sci-Fi,Thriller"
tt5555260,3,This Is Us,2018,8.7253,0.12,"Comedy,Drama,Romance"
tt3314218,3,UnREAL,2018,8.067,0.05,Drama
tt4878326,3,Wynonna Earp,2018,8.6064,0.17,"Action,Drama,Fantasy"
tt1235099,3,Lie to Me,2010,7.7384,0.44,"Crime,Drama,Mystery"
tt1836037,3,Longmire,2014,8.9994,0.3,"Action,Crime,Drama"
tt1492966,3,Louie,2012,8.417,0.63,"Comedy,Drama"
tt0804503,3,Mad Men,2009,8.6255,2.08,Drama
tt3501074,3,Madam Secretary,2017,7.4252,0.14,Drama
tt1936532,3,Major Crimes,2014,8.6381,0.13,"Crime,Drama,Mystery"
tt2137109,3,Masters of Sex,2015,7.997,0.12,"Drama,Romance"
tt1199099,3,Merlin,2011,8.4208,0.38,"Adventure,Drama,Fantasy"
tt2660806,3,Mom,2016,7.925,0.14,"Comedy,Drama,Romance"
tt3502172,3,Mozart in the Jungle,2016,8.2822,0.08,"Comedy,Drama,Music"
tt4158110,3,Mr. Robot,2017,9.28,1.24,"Crime,Drama,Thriller"
tt1091909,3,Murdoch Mysteries,2010,8.1963,0.18,"Crime,Drama,Mystery"
tt2707408,3,Narcos,2017,8.6975,0.87,"Biography,Crime,Drama"
tt2281375,3,Nashville,2015,7.6215,0.12,"Drama,Music,Romance"
tt1378167,3,NCIS: Los Angeles,2012,8.0907,0.44,"Crime,Drama,Mystery"
tt3560084,3,NCIS: New Orleans,2017,7.9093,0.14,"Crime,Drama"
tt1592154,3,Nikita,2013,8.6161,0.36,"Action,Crime,Drama"
tt1190689,3,Nurse Jackie,2011,7.6652,0.1,"Comedy,Drama"
tt2372162,3,Orange Is the New Black,2015,8.1735,0.79,"Comedy,Crime,Drama"
tt3006802,3,Outlander,2017,9.1098,0.85,"Drama,Fantasy,Romance"
tt1416765,3,Parenthood,2011,8.5942,0.15,"Comedy,Drama"
tt2442560,3,Peaky Blinders,2016,9.0339,0.45,"Crime,Drama"
tt2628232,3,Penny Dreadful,2016,8.6343,0.42,"Drama,Fantasy,Horror"
tt1714204,3,Perception,2014,8.2832,0.08,"Crime,Drama,Mystery"
tt1839578,3,Person of Interest,2014,9.2324,2.47,"Action,Crime,Drama"
tt3636060,3,Poldark,2017,8.539,0.08,"Drama,History,Romance"
tt3281796,3,Power,2016,8.6727,0.1,"Crime,Drama"
tt1578873,3,Pretty Little Liars,2012,8.4803,1.14,"Drama,Mystery,Romance"
tt0972412,3,Private Practice,2010,8.1641,0.28,"Comedy,Drama,Romance"
tt2249007,3,Ray Donovan,2015,8.7966,0.32,"Crime,Drama"
tt2183404,3,Rectify,2015,8.8232,0.08,Drama
tt2710394,3,Reign,2016,7.8391,0.1,"Drama,Fantasy"
tt1837642,3,Revenge,2014,8.6492,0.51,"Drama,Mystery,Thriller"
tt1551632,3,Rizzoli & Isles,2012,8.2342,0.28,"Crime,Drama,Mystery"
tt1442065,3,Rookie Blue,2012,8.5605,0.06,"Crime,Drama"
tt2963254,3,Salem,2016,7.8096,0.05,"Drama,Fantasy,Thriller"
tt1837576,3,Scandal,2014,8.3375,0.31,"Drama,Thriller"
tt3514324,3,Scorpion,2017,7.9083,0.26,"Action,Crime,Drama"
tt1586680,3,Shameless,2013,8.8773,0.8,"Comedy,Drama"
tt1475582,3,Sherlock,2014,9.0893,3.47,"Crime,Drama,Mystery"
tt0840196,3,Skins,2009,8.0368,0.53,Drama
tt2647544,3,Sleepy Hollow,2016,7.7114,0.18,"Adventure,Drama,Fantasy"
tt1124373,3,Sons of Anarchy,2010,8.6595,1.65,"Crime,Drama,Thriller"
tt1299368,3,Southland,2011,8.3428,0.1,"Crime,Drama,Thriller"
tt1632701,3,Suits,2013,8.8124,1.3,"Comedy,Drama"
tt0460681,3,Supernatural,2008,8.7794,6.46,"Drama,Fantasy,Horror"
tt1567432,3,Teen Wolf,2013,9.0827,1.33,"Action,Comedy,Drama"
tt2661044,3,The 100,2016,7.2041,2.86,"Drama,Mystery,Sci-Fi"
tt2699110,3,The Affair,2016,7.5078,0.13,Drama
tt2149175,3,The Americans,2015,8.5822,0.43,"Crime,Drama,Mystery"
tt1515193,3,The Big C,2012,7.8251,0.03,"Comedy,Drama"
tt2741602,3,The Blacklist,2016,8.531,0.81,"Crime,Drama,Mystery"
tt1582457,3,The Borgias,2013,8.1817,0.16,"Crime,Drama,History"
tt3107288,3,The Flash,2017,8.2708,2.66,"Action,Adventure,Drama"
tt2071645,3,The Following,2015,7.5106,0.27,"Crime,Drama,Mystery"
tt2262532,3,The Fosters,2015,6.98,0.14,"Drama,Romance"
tt1552112,3,The Glades,2012,7.7,0.01,"Action,Crime,Drama"
tt1442462,3,The Good Wife,2012,8.1484,0.69,"Crime,Drama,Mystery"
tt1637727,3,The Killing,2013,8.6211,0.46,"Crime,Drama,Mystery"
tt3230454,3,The Last Man on Earth,2017,7.5344,0.25,"Action,Comedy,Drama"
tt2402207,3,The Last Ship,2016,8.91,0.24,"Action,Drama,Sci-Fi"
tt2699128,3,The Leftovers,2017,9.2791,0.95,"Drama,Fantasy,Mystery"
tt1196946,3,The Mentalist,2011,8.31,1.21,"Crime,Drama,Mystery"
tt1870479,3,The Newsroom,2014,9.0598,0.3,Drama
tt2477230,3,The Night Shift,2016,5.4557,0.08,"Drama,Romance"
tt2632424,3,The Originals,2016,9.1468,0.48,"Drama,Fantasy,Horror"
tt3597912,3,The Royals,2016,8.6,0,Drama
tt2654620,3,The Strain,2016,8.2981,0.2,"Drama,Horror,Thriller"
tt1405406,3,The Vampire Diaries,2012,8.8092,2.26,"Drama,Fantasy,Horror"
tt1520211,3,The Walking Dead,2013,8.5037,6.61,"Drama,Horror,Sci-Fi"
tt2022190,3,The Walking Dead: Webisodes,2013,7.6607,0.02,"Drama,Horror,Sci-Fi"
tt0485301,3,Torchwood,2009,8.9243,0.55,"Action,Drama,Sci-Fi"
tt3502262,3,Transparent,2016,7.8169,0.07,"Comedy,Drama"
tt1279972,3,Treme,2012,8.1682,0.09,"Drama,Music"
tt0844441,3,True Blood,2010,8.293,1.17,"Drama,Fantasy,Mystery"
tt2543328,3,TURN: Washington's Spies,2016,9.2022,0.09,"Drama,History,War"
tt2568204,3,Tyrant,2016,7.8453,0.05,"Action,Drama,Thriller"
tt0805669,3,Ugly Betty,2008,7.8659,0.06,"Comedy,Drama,Romance"
tt3339966,3,Unbreakable Kimmy Schmidt,2017,7.887,0.23,"Comedy,Drama"
tt1553656,3,Under the Dome,2015,6.7417,0.32,"Drama,Mystery,Sci-Fi"
tt1842530,3,Unforgettable,2014,7.9384,0.04,"Crime,Drama,Mystery"
tt1001482,3,United States of Tara,2011,7.9989,0.1,"Comedy,Drama,Romance"
tt1604099,3,Victorious,2012,7.7301,0.17,"Comedy,Drama,Family"
tt2306299,3,Vikings,2015,8.5339,1.17,"Action,Adventure,Drama"
tt1132290,3,Warehouse 13,2011,8.1278,0.29,"Drama,Mystery,Sci-Fi"
tt2433738,3,Wentworth,2015,9.233,0.08,"Crime,Drama"
tt2874692,3,When Calls the Heart,2016,9.3239,0.11,Drama
tt1358522,3,White Collar,2011,8.1453,0.58,"Comedy,Crime,Drama"
tt1703925,3,Wilfred,2013,7.9584,0.09,"Comedy,Drama,Mystery"
tt0799922,3,Wizards of Waverly Place,2010,7.7568,0.04,"Comedy,Drama,Family"
tt2084712,3,Young & Hungry,2016,8.8,0,"Comedy,Drama,Romance"
tt3228420,3,You're the Worst,2016,8.2949,0.09,"Comedy,Drama,Romance"
tt3843168,3,Z Nation,2016,8.2791,0.15,"Action,Comedy,Drama"
tt0415463,3,Zoey 101,2008,8.3,0.02,"Comedy,Drama,Family"
tt3250026,3,Zoo,2017,7.4132,0.09,"Drama,Mystery,Sci-Fi"
tt1225901,2,90210,2009,7.4686,0.14,"Comedy,Drama,Romance"
tt3148266,2,12 Monkeys,2016,8.8196,0.25,"Adventure,Drama,Mystery"
tt2364582,2,Agents of S.H.I.E.L.D.,2015,8.653,2.07,"Action,Adventure,Drama"
tt1183865,2,Alphas,2012,7.8699,0.2,"Action,Drama,Sci-Fi"
tt3488298,2,American Crime,2016,9.1438,0.17,"Crime,Drama"
tt1844624,2,American Horror Story,2012,8.5388,3.27,"Drama,Horror,Thriller"
tt5574490,2,Animal Kingdom,2017,8.6925,0.13,"Crime,Drama"
tt3768572,2,Aquarius,2016,7.8702,0.05,"Biography,Crime,Drama"
tt1663676,2,Awkward.,2012,7.7692,0.17,"Comedy,Drama,Romance"
tt2177489,2,Baby Daddy,2013,8.282,0.09,"Comedy,Drama,Family"
tt2891574,2,Ballers,2016,8.3812,0.3,"Comedy,Drama,Sport"
tt2017109,2,Banshee,2014,8.7367,0.48,"Action,Crime,Drama"
tt3468798,2,Baskets,2017,8.2559,0.06,"Comedy,Drama"
tt2188671,2,Bates Motel,2014,8.5949,0.56,"Drama,Horror,Mystery"
tt3032476,2,Better Call Saul,2016,8.7525,1.26,"Crime,Drama"
tt4370596,2,Better Things,2017,8.39,0.07,"Comedy,Drama"
tt4270492,2,Billions,2017,8.8221,0.33,Drama
tt2085059,2,Black Mirror,2013,8.1643,5.42,"Drama,Sci-Fi,Thriller"
tt4474344,2,Blindspot,2017,8.1356,0.54,"Action,Crime,Drama"
tt3520702,2,Bloodline,2016,8.5788,0.17,"Drama,Thriller"
tt1595859,2,Blue Bloods,2012,8.0138,0.4,"Crime,Drama"
tt0979432,2,Boardwalk Empire,2011,8.6492,1.03,"Crime,Drama,History"
tt1587669,2,Body of Proof,2011,7.9168,0.23,"Crime,Drama"
tt3398228,2,BoJack Horseman,2015,8.044,0.73,"Animation,Comedy,Drama"
tt1255913,2,Bored to Death,2010,7.8315,0.14,"Comedy,Crime,Drama"
tt3502248,2,Bosch,2016,8.7918,0.16,"Crime,Drama"
tt1833285,2,Boss,2012,8.1415,0.13,"Crime,Drama"
tt0903747,2,Breaking Bad,2009,8.7655,15.42,"Crime,Drama,Thriller"
tt1590961,2,Breakout Kings,2012,8.037,0.09,"Crime,Drama,Thriller"
tt5827228,2,Bull,2017,5.9668,0.21,"Comedy,Crime,Drama"
tt0810788,2,Burn Notice,2008,8.4619,0.8,"Action,Crime,Drama"
tt0904208,2,Californication,2008,8.2268,1.37,"Comedy,Drama"
tt1983079,2,Call the Midwife,2013,8.7565,0.1,"Drama,History"
tt1219024,2,Castle,2010,8.4813,1.79,"Comedy,Crime,Drama"
tt4577466,2,Casual,2016,7.929,0.01,"Comedy,Drama"
tt5620076,2,Chance,2017,8.9725,0.06,"Drama,Mystery,Thriller"
tt4820370,2,Channel Zero,2017,7.8323,0.07,"Drama,Horror,Mystery"
tt2261391,2,Chicago Fire,2014,8.6971,0.24,"Action,Drama"
tt4655480,2,Chicago Med,2017,5.7814,0.24,Drama
tt2805096,2,Chicago P.D.,2015,7.7688,0.26,"Action,Crime,Drama"
tt0934814,2,Chuck,2009,8.8237,2.41,"Action,Comedy,Drama"
tt4452630,2,Code Black,2016,9.2572,0.49,Drama
tt4209256,2,Colony,2017,8.2788,0.21,"Action,Adventure,Drama"
tt2006374,2,Copper,2013,8,0.01,"Action,Drama"
tt1495708,2,Covert Affairs,2011,7.9109,0.17,"Action,Crime,Drama"
tt4364202,2,Criminal Minds: Beyond Borders,2017,7.2422,0.05,"Crime,Drama,Mystery"
tt3560060,2,CSI: Cyber,2015,7.1268,0.1,"Crime,Drama,Mystery"
tt2094262,2,Da Vinci's Demons,2014,8.6821,0.36,"Adventure,Biography,Drama"
tt1723760,2,Dallas,2013,8.439,0.07,"Drama,Romance"
tt0914387,2,Damages,2009,8.3601,0.35,"Crime,Drama,Mystery"
tt3322312,2,Daredevil,2016,9.0946,2.33,"Action,Crime,Drama"
tt1888075,2,Death in Paradise,2013,7.9139,0.1,"Crime,Drama,Mystery"
tt2189221,2,Defiance,2014,7.9473,0.16,"Action,Drama,Sci-Fi"
tt2226342,2,Devious Maids,2014,8.3504,0.08,"Comedy,Drama,Mystery"
tt0960136,2,Dirty Sexy Money,2008,7.3665,0.03,Drama
tt1135300,2,Dollhouse,2009,8.4045,0.78,"Drama,Mystery,Sci-Fi"
tt3079768,2,Dominion,2015,8.2729,0.19,"Action,Drama,Fantasy"
tt1606375,2,Downton Abbey,2012,8.5522,0.77,"Drama,Romance"
tt0866442,2,Eastbound & Down,2010,8.1237,0.17,"Comedy,Drama,Sport"
tt6692188,2,El Chapo,2017,7.9875,0.06,"Crime,Drama"
tt2191671,2,Elementary,2014,8.1906,0.76,"Crime,Drama,Mystery"
tt3228904,2,Empire,2016,8.1744,0.18,"Drama,Music"
tt1509004,2,Enlightened,2013,8.4743,0.05,"Comedy,Drama"
tt3155320,2,Extant,2015,7.4825,0.11,"Drama,Sci-Fi,Thriller"
tt4326894,2,F Is for Family,2017,8.1123,0.1,"Animation,Comedy,Drama"
tt3127020,2,Faking It,2015,8.7298,0.1,"Comedy,Drama,Romance"
tt1462059,2,Falling Skies,2012,8.0411,0.52,"Action,Adventure,Drama"
tt2802850,2,Fargo,2015,9.1114,2.03,"Crime,Drama,Thriller"
tt3743822,2,Fear the Walking Dead,2016,7.2095,1.12,"Drama,Horror,Sci-Fi"
tt3186138,2,Finding Carter,2015,7.3,0,Drama
tt4973548,2,Flaked,2017,7.6282,0.03,"Comedy,Drama"
tt1119644,2,Fringe,2010,8.4464,3.14,"Drama,Mystery,Sci-Fi"
tt0944947,2,Game of Thrones,2012,9.0852,14.2,"Action,Adventure,Drama"
tt2543796,2,Girl Meets World,2015,8.3482,0.25,"Comedy,Drama,Family"
tt1723816,2,Girls,2013,7.4477,0.28,"Comedy,Drama"
tt1327801,2,Glee,2011,8.6476,1.63,"Comedy,Drama,Music"
tt2049116,2,Gomorrah,2016,8.3611,0.1,"Crime,Drama,Thriller"
tt4855114,2,Good Behavior,2017,8.5169,0.06,"Crime,Drama,Mystery"
tt3906732,2,Good Witch,2015,8.4,0.01,"Comedy,Drama,Fantasy"
tt0397442,2,Gossip Girl,2008,7.8331,1.61,"Drama,Romance"
tt3749900,2,Gotham,2016,8.7267,1.54,"Action,Crime,Drama"
tt2393813,2,Graceland,2014,8.5502,0.07,"Action,Crime,Drama"
tt1830617,2,Grimm,2012,8.5517,1.32,"Drama,Fantasy,Horror"
tt2543312,2,Halt and Catch Fire,2015,8.3179,0.16,Drama
tt3973768,2,Hand of God,2017,8.1111,0.01,"Crime,Drama"
tt2243973,2,Hannibal,2014,9.2883,2.42,"Crime,Drama,Horror"
tt3729898,2,Hap and Leonard,2017,8.2276,0.03,"Crime,Drama,Thriller"
tt1832979,2,Hart of Dixie,2013,8.0901,0.21,"Comedy,Drama,Romance"
tt1600194,2,Hawaii Five-0,2011,8.4298,0.63,"Action,Crime,Drama"
tt1796960,2,Homeland,2012,8.682,2.28,"Crime,Drama,Mystery"
tt1856010,2,House of Cards,2014,8.9269,2.19,Drama
tt1797404,2,House of Lies,2013,7.174,0.11,"Comedy,Drama"
tt3205802,2,How to Get Away with Murder,2015,8.9206,0.74,"Crime,Drama,Mystery"
tt1299365,2,How to Make It in America,2011,8.1,0.01,"Comedy,Drama"
tt1229413,2,Hung,2010,7.2474,0.15,"Comedy,Drama"
tt0835434,2,In Treatment,2009,7.9,0.01,Drama
tt0874608,2,Inspector Lewis,2008,7.9361,0.2,"Crime,Drama,Mystery"
tt3865236,2,Into the Badlands,2017,8.4198,0.22,"Action,Adventure,Drama"
tt3501584,2,iZombie,2016,8.5641,0.43,"Comedy,Crime,Drama"
tt0805663,2,Jericho,2008,8.5589,0.52,"Action,Drama,Mystery"
tt1489428,2,Justified,2011,8.6967,0.7,"Action,Crime,Drama"
tt3673794,2,Kingdom,2016,8.8817,0.06,Drama
tt5674718,2,Las chicas del cable,2017,9.3,0,Drama
tt0844653,2,Legend of the Seeker,2010,8.2691,0.47,"Action,Adventure,Drama"
tt2402137,2,Legends,2015,8.0656,0.06,"Action,Crime,Drama"
tt4532368,2,Legends of Tomorrow,2017,8.4779,1,"Action,Adventure,Drama"
tt1349600,2,Les petits meurtres d'Agatha Christie,2015,7.7622,0.07,"Comedy,Crime,Drama"
tt1837492,2,13 Reasons Why,2018,7.5089,2.19,"Drama,Mystery"
tt4834206,2,A Series of Unfortunate Events,2018,8.2873,0.48,"Adventure,Comedy,Drama"
tt1235099,2,Lie to Me,2010,8.0356,0.94,"Crime,Drama,Mystery"
tt0874936,2,Life,2009,8.1964,0.56,"Crime,Drama,Mystery"
tt2788432,2,American Crime Story,2018,8.394,0.62,"Biography,Crime,Drama"
tt1836037,2,Longmire,2013,8.7731,0.44,"Action,Crime,Drama"
tt2581458,2,Looking,2015,8.7929,0.12,"Comedy,Drama,Romance"
tt6877772,2,American Vandal,2018,8.2,0.03,"Comedy,Crime,Drama"
tt1492966,2,Louie,2011,8.3307,0.55,"Comedy,Drama"
tt4288182,2,Atlanta,2018,8.896,1.05,"Comedy,Drama,Music"
tt4061080,2,Love,2017,7.9952,0.16,"Comedy,Drama,Romance"
tt6315640,2,Atypical,2018,8.4773,0.28,"Comedy,Drama"
tt4052886,2,Lucifer,2017,8.9474,1.54,"Crime,Drama,Fantasy"
tt4276618,2,C.B. Strike,2018,8.1089,0.04,"Crime,Drama,Mystery"
tt5707802,2,Dear White People,2018,5.4038,0.03,"Comedy,Drama"
tt5296406,2,Designated Survivor,2018,7.2162,0.83,"Action,Drama,Mystery"
tt0804503,2,Mad Men,2008,8.3119,2.36,Drama
tt5673782,2,Genius,2018,7.6855,0.14,"Biography,Drama,History"
tt5770786,2,GLOW,2018,8.5137,0.42,"Comedy,Drama,Sport"
tt3501074,2,Madam Secretary,2016,7.6385,0.17,Drama
tt1832045,2,Magic City,2013,8.109,0.05,"Crime,Drama"
tt1936532,2,Major Crimes,2013,8.6247,0.16,"Crime,Drama,Mystery"
tt3231564,2,Manhattan,2015,8.1818,0.05,"Drama,History,War"
tt4687880,2,Goliath,2018,7.4785,0.32,Drama
tt6078096,2,High Maintenance,2018,8.4997,0.03,"Comedy,Drama"
tt2189461,2,Marco Polo,2016,8.3082,0.15,"Adventure,Drama,History"
tt2137109,2,Masters of Sex,2014,8.2584,0.21,"Drama,Romance"
tt2357547,2,Jessica Jones,2018,7.9765,1.86,"Action,Crime,Drama"
tt1199099,2,Merlin,2010,8.2924,0.54,"Adventure,Drama,Fantasy"
tt2295809,2,Mistresses,2014,8.6198,0.03,"Drama,Romance,Thriller"
tt5114356,2,Legion,2018,8.6326,1.1,"Action,Drama,Sci-Fi"
tt2660806,2,Mom,2015,7.9803,0.18,"Comedy,Drama,Romance"
tt5164196,2,Lethal Weapon,2018,8.4781,0.78,"Action,Crime,Drama"
tt3322314,2,Luke Cage,2018,7.7703,0.99,"Action,Crime,Drama"
tt3502172,2,Mozart in the Jungle,2015,8.0674,0.11,"Comedy,Drama,Music"
tt1399045,2,MacGyver,2018,8.163,0.33,"Action,Adventure,Drama"
tt4158110,2,Mr. Robot,2016,8.8299,1.38,"Crime,Drama,Thriller"
tt2402061,2,Murder in the First,2015,7.9516,0.02,"Crime,Drama,Mystery"
tt1091909,2,Murdoch Mysteries,2009,8.1021,0.24,"Crime,Drama,Mystery"
tt2707408,2,Narcos,2016,8.87,0.96,"Biography,Crime,Drama"
tt2281375,2,Nashville,2014,7.5211,0.15,"Drama,Music,Romance"
tt5071412,2,Ozark,2018,8.6442,0.91,"Crime,Drama,Thriller"
tt5420376,2,Riverdale,2018,8.1855,1.65,"Crime,Drama,Mystery"
tt1378167,2,NCIS: Los Angeles,2010,7.9905,0.45,"Crime,Drama,Mystery"
tt6170874,2,Salvation,2018,8.0339,0.2,"Drama,Sci-Fi,Thriller"
tt3560084,2,NCIS: New Orleans,2016,8.2544,0.12,"Crime,Drama"
tt5541338,2,Six,2018,7.9045,0.08,"Action,Drama,History"
tt1592154,2,Nikita,2012,8.7792,0.72,"Action,Crime,Drama"
tt1190689,2,Nurse Jackie,2010,7.8425,0.15,"Comedy,Drama"
tt5011816,2,Sneaky Pete,2018,8.7466,0.24,"Crime,Drama"
tt2372162,2,Orange Is the New Black,2014,8.4899,1.07,"Comedy,Crime,Drama"
tt4229954,2,Outcast,2017,7.8797,0.1,"Drama,Horror"
tt3006802,2,Outlander,2016,9.0162,0.79,"Drama,Fantasy,Romance"
tt4816626,2,Outsiders,2017,7.5989,0.05,Drama
tt6439752,2,Snowfall,2018,7.9,0.01,"Crime,Drama"
tt1416765,2,Parenthood,2010,8.3195,0.26,"Comedy,Drama"
tt6116060,2,The Bold Type,2018,8.1484,0.03,Drama
tt2442560,2,Peaky Blinders,2014,8.9451,0.7,"Crime,Drama"
tt2628232,2,Penny Dreadful,2015,8.697,0.67,"Drama,Fantasy,Horror"
tt1714204,2,Perception,2013,8.1669,0.1,"Crime,Drama,Mystery"
tt1839578,2,Person of Interest,2013,9.0027,2.45,"Action,Crime,Drama"
tt4998350,2,The Deuce,2018,8.1559,0.09,Drama
tt4396630,2,The Gifted,2018,7.8267,0.07,"Action,Drama,Fantasy"
tt3636060,2,Poldark,2016,8.6603,0.09,"Drama,History,Romance"
tt6470478,2,The Good Doctor,2018,8.5886,0.07,Drama
tt5853176,2,The Good Fight,2018,8.3906,0.3,"Crime,Drama"
tt3281796,2,Power,2015,8.8138,0.14,"Crime,Drama"
tt1851040,2,Powers,2016,7.9019,0.01,"Action,Crime,Drama"
tt5834204,2,The Handmaid's Tale,2018,8.6874,2.05,"Drama,Sci-Fi"
tt5016504,2,Preacher,2017,8.0839,0.5,"Adventure,Drama,Fantasy"
tt1578873,2,Pretty Little Liars,2011,8.5024,1.05,"Drama,Mystery,Romance"
tt0972412,2,Private Practice,2009,7.9617,0.36,"Comedy,Drama,Romance"
tt0925266,2,Pushing Daisies,2008,8.6548,0.67,"Comedy,Drama,Fantasy"
tt6483832,2,The Resident,2018,8.5,0.02,Drama
tt4428122,2,Quantico,2017,5.935,0.31,"Crime,Drama,Mystery"
tt6048596,2,The Sinner,2018,8.0195,0.23,"Crime,Drama,Mystery"
tt1064899,2,Queen of the South,2017,8.5137,0.06,"Action,Crime,Drama"
tt2249007,2,Ray Donovan,2014,8.7409,0.39,"Crime,Drama"
tt0955322,2,Reaper,2009,7.7527,0.18,"Adventure,Comedy,Drama"
tt2183404,2,Rectify,2014,8.6947,0.17,Drama
tt2710394,2,Reign,2015,7.8589,0.19,"Drama,Fantasy"
tt5511582,2,Timeless,2018,8.6145,0.52,"Action,Adventure,Drama"
tt2647586,2,Resurrection,2014,8.3952,0.12,"Drama,Fantasy"
tt1837642,2,Revenge,2013,8.5027,0.66,"Drama,Mystery,Thriller"
tt0475784,2,Westworld,2018,8.2761,5.82,"Drama,Mystery,Sci-Fi"
tt2070791,2,Revolution,2014,8.4017,0.57,"Action,Adventure,Drama"
tt1551632,2,Rizzoli & Isles,2011,8.2701,0.25,"Crime,Drama,Mystery"
tt1442065,2,Rookie Blue,2011,8.5727,0.09,"Crime,Drama"
tt4465472,2,Rosewood,2017,8.65,0.01,"Crime,Drama,Mystery"
tt1319735,2,Royal Pains,2010,8.0261,0.04,"Comedy,Drama"
tt2963254,2,Salem,2015,8.0546,0.11,"Drama,Fantasy,Thriller"
tt1837576,2,Scandal,2013,8.4262,0.57,"Drama,Thriller"
tt3514324,2,Scorpion,2016,8.113,0.29,"Action,Crime,Drama"
tt3921180,2,Scream: The TV Series,2016,8.334,0.31,"Crime,Drama,Horror"
tt1000734,2,Secret Diary of a Call Girl,2009,7.887,0.02,Drama
tt3516878,2,Secrets and Lies,2016,8.1436,0.05,"Crime,Drama"
tt2431438,2,Sense8,2017,9.1311,1.17,"Drama,Mystery,Sci-Fi"
tt1286039,2,SGU Stargate Universe,2011,8.0488,0.55,"Drama,Sci-Fi"
tt4118584,2,Shades of Blue,2017,8.6063,0.08,"Crime,Drama"
tt1586680,2,Shameless,2012,8.6178,1.3,"Comedy,Drama"
tt1475582,2,Sherlock,2012,9.3184,6.33,"Crime,Drama,Mystery"
tt4181172,2,Shooter,2017,8.0087,0.11,"Action,Drama"
tt0840196,2,Skins,2008,8.6237,0.75,Drama
tt4667888,2,Slasher,2017,7.416,0.02,"Drama,Horror,Mystery"
tt2647544,2,Sleepy Hollow,2014,7.6259,0.41,"Adventure,Drama,Fantasy"
tt1825133,2,Smash,2013,8.0516,0.04,"Drama,Musical"
tt1124373,2,Sons of Anarchy,2009,8.8086,2.12,"Crime,Drama,Thriller"
tt1299368,2,Southland,2010,8.5049,0.09,"Crime,Drama,Thriller"
tt4574334,2,Stranger Things,2017,8.4858,3.84,"Drama,Fantasy,Horror"
tt1632701,2,Suits,2012,8.8026,2.25,"Comedy,Drama"
tt4016454,2,Supergirl,2017,7.8593,1.3,"Action,Adventure,Drama"
tt1758772,2,Switched at Birth,2013,8.9658,0.02,"Drama,Family,Romance"
tt1567432,2,Teen Wolf,2012,8.8664,0.9,"Action,Comedy,Drama"
tt0851851,2,Terminator: The Sarah Connor Chronicles,2008,8.0501,1.95,"Action,Drama,Sci-Fi"
tt2661044,2,The 100,2015,8.7143,2.02,"Drama,Mystery,Sci-Fi"
tt2699110,2,The Affair,2015,8.267,0.21,Drama
tt2149175,2,The Americans,2014,8.3946,0.53,"Crime,Drama,Mystery"
tt1515193,2,The Big C,2011,8.1482,0.09,"Comedy,Drama"
tt2741602,2,The Blacklist,2015,8.3825,1.07,"Crime,Drama,Mystery"
tt1582457,2,The Borgias,2012,8.3097,0.3,"Crime,Drama,History"
tt2406376,2,The Bridge,2014,7.9283,0.11,"Crime,Drama,Mystery"
tt4396862,2,The Catch,2017,7.6728,0.05,"Crime,Drama,Romance"
tt2022170,2,The Client List,2013,7.8,0.01,Drama
tt4786824,2,The Crown,2017,8.7604,0.59,"Drama,History"
tt5014882,2,The Durrells in Corfu,2017,7.9,0,"Biography,Comedy,Drama"
tt5368542,2,The Exorcist,2017,8.5158,0.21,"Drama,Horror,Thriller"
tt3230854,2,The Expanse,2017,8.7227,0.71,"Drama,Mystery,Sci-Fi"
tt3107288,2,The Flash,2016,8.8014,2.84,"Action,Adventure,Drama"
tt2071645,2,The Following,2014,7.7402,0.42,"Crime,Drama,Mystery"
tt2262532,2,The Fosters,2014,7.3121,0.18,"Drama,Romance"
tt3846642,2,The Girlfriend Experience,2017,6.799,0.02,Drama
tt1552112,2,The Glades,2011,7.7349,0.04,"Action,Crime,Drama"
tt4955642,2,The Good Place,2017,8.6044,0.53,"Comedy,Drama,Fantasy"
tt1442462,2,The Good Wife,2011,8.1038,0.65,"Crime,Drama,Mystery"
tt1637727,2,The Killing,2012,8.3926,0.77,"Crime,Drama,Mystery"
tt2937900,2,The Knick,2015,8.7271,0.27,Drama
tt3230454,2,The Last Man on Earth,2016,7.8111,0.3,"Action,Comedy,Drama"
tt2402207,2,The Last Ship,2015,8.8961,0.38,"Action,Drama,Sci-Fi"
tt2699128,2,The Leftovers,2015,9.2501,1.29,"Drama,Fantasy,Mystery"
tt1798274,2,The Lying Game,2013,8.7,0.01,"Drama,Mystery"
tt4254242,2,The Magicians,2017,8.4019,0.19,"Drama,Fantasy"
tt1740299,2,The Man in the High Castle,2016,8.5998,0.34,"Drama,Sci-Fi,Thriller"
tt1196946,2,The Mentalist,2010,8.1977,1.53,"Crime,Drama,Mystery"
tt1870479,2,The Newsroom,2013,8.4815,0.43,Drama
tt2477230,2,The Night Shift,2015,5.6409,0.13,"Drama,Romance"
tt2632424,2,The Originals,2015,9.0434,0.7,"Drama,Fantasy,Horror"
tt4789576,2,The Path,2017,7.8244,0.06,Drama
tt4422756,2,The Real O'Neals,2016,7.8701,0.02,"Comedy,Drama,Musical"
tt2505072,2,The Red Road,2015,8.3,0,Drama
tt2521668,2,The Returned,2015,7.6523,0.06,"Drama,Fantasy,Horror"
tt3597912,2,The Royals,2015,8.7109,0.05,Drama
tt2654620,2,The Strain,2015,8.0231,0.4,"Drama,Horror,Thriller"
tt1405406,2,The Vampire Diaries,2011,8.7551,1.8,"Drama,Fantasy,Horror"
tt1520211,2,The Walking Dead,2011,8.5113,7.62,"Drama,Horror,Sci-Fi"
tt2022190,2,The Walking Dead: Webisodes,2012,7.6255,0.04,"Drama,Horror,Sci-Fi"
tt5555260,2,This Is Us,2017,8.6115,1.07,"Comedy,Drama,Romance"
tt3061830,2,Togetherness,2016,7.9601,0.03,"Comedy,Drama,Romance"
tt0485301,2,Torchwood,2008,7.9913,1.15,"Action,Drama,Sci-Fi"
tt1821681,2,Touch,2013,8.1008,0.16,"Drama,Mystery,Sci-Fi"
tt3502262,2,Transparent,2015,7.8074,0.11,"Comedy,Drama"
tt1279972,2,Treme,2011,8.3278,0.1,"Drama,Music"
tt0844441,2,True Blood,2009,8.4773,1.75,"Drama,Fantasy,Mystery"
tt2356777,2,True Detective,2015,8.1878,2.26,"Crime,Drama,Mystery"
tt1697033,2,True Justice,2012,5.2427,0.02,"Action,Crime,Drama"
tt2543328,2,TURN: Washington's Spies,2015,9.0911,0.12,"Drama,History,War"
tt2568204,2,Tyrant,2015,8.5412,0.12,"Action,Drama,Thriller"
tt0805669,2,Ugly Betty,2008,7.8154,0.29,"Comedy,Drama,Romance"
tt3339966,2,Unbreakable Kimmy Schmidt,2016,7.9508,0.25,"Comedy,Drama"
tt1553656,2,Under the Dome,2014,7.0715,0.51,"Drama,Mystery,Sci-Fi"
tt4522400,2,Underground,2017,7.9338,0.01,"Adventure,Drama,History"
tt1842530,2,Unforgettable,2013,8.1395,0.07,"Crime,Drama,Mystery"
tt1001482,2,United States of Tara,2010,8.0229,0.13,"Comedy,Drama,Romance"
tt3314218,2,UnREAL,2016,8.1849,0.06,Drama
tt1307824,2,V,2011,7.6531,0.27,"Drama,Sci-Fi,Thriller"
tt5197820,2,Van Helsing,2017,7.5868,0.08,"Action,Drama,Fantasy"
tt1604099,2,Victorious,2011,7.989,0.11,"Comedy,Drama,Family"
tt2306299,2,Vikings,2014,8.5729,1.38,"Action,Adventure,Drama"
tt1132290,2,Warehouse 13,2010,7.9666,0.4,"Drama,Mystery,Sci-Fi"
tt2618986,2,Wayward Pines,2016,7.5091,0.2,"Drama,Mystery,Sci-Fi"
tt2433738,2,Wentworth,2014,9.0832,0.09,"Crime,Drama"
tt2874692,2,When Calls the Heart,2015,9.3873,0.11,Drama
tt1358522,2,White Collar,2010,8.2254,0.79,"Comedy,Crime,Drama"
tt1703925,2,Wilfred,2012,7.8376,0.2,"Comedy,Drama,Mystery"
tt2288064,2,Witches of East End,2014,8.1452,0.11,"Drama,Fantasy"
tt0799922,2,Wizards of Waverly Place,2009,7.668,0.15,"Comedy,Drama,Family"
tt4878326,2,Wynonna Earp,2017,9.068,0.29,"Action,Drama,Fantasy"
tt2084712,2,Young & Hungry,2015,8.4897,0.08,"Comedy,Drama,Romance"
tt3228420,2,You're the Worst,2015,8.3227,0.15,"Comedy,Drama,Romance"
tt3843168,2,Z Nation,2015,8.1554,0.26,"Action,Comedy,Drama"
tt3250026,2,Zoo,2016,7.905,0.12,"Drama,Mystery,Sci-Fi"
tt1225901,1,90210,2009,7.1735,0.4,"Comedy,Drama,Romance"
tt2879552,1,11.22.63,2016,8.489,0.51,"Drama,Mystery,Sci-Fi"
tt3148266,1,12 Monkeys,2015,8.3407,0.46,"Adventure,Drama,Mystery"
tt1837492,1,13 Reasons Why,2017,8.437,2.38,"Drama,Mystery"
tt5345490,1,24: Legacy,2017,7.2044,0.22,"Action,Crime,Drama"
tt1598754,1,24: Live Another Day,2014,8.899,0.63,"Action,Crime,Drama"
tt2197797,1,666 Park Avenue,2013,7.4737,0.16,"Drama,Fantasy,Mystery"
tt1820742,1,A Gifted Man,2011,7.5,0.01,"Drama,Fantasy"
tt4834206,1,A Series of Unfortunate Events,2017,8.1052,0.48,"Adventure,Comedy,Drama"
tt4074084,1,A.D. The Bible Continues,2015,8.0788,0.03,Drama
tt2666270,1,About a Boy,2014,7.6627,0.06,"Comedy,Drama,Romance"
tt6794990,1,Absentia,2017,8.0752,0.1,"Crime,Drama,Mystery"
tt3499120,1,Agent X,2015,7.6673,0.06,"Action,Drama"
tt2364582,1,Agents of S.H.I.E.L.D.,2014,8.1977,2.94,"Action,Adventure,Drama"
tt6313900,1,Agents of S.H.I.E.L.D.: Slingshot,2016,7.5153,0.03,"Action,Adventure,Drama"
tt1728102,1,Alcatraz,2012,7.7857,0.54,"Action,Crime,Drama"
tt1034007,1,Alias Grace,2017,8.0869,0.11,"Biography,Crime,Drama"
tt1461312,1,Alice,2009,7.5523,0.03,"Adventure,Drama,Fantasy"
tt3581654,1,Allegiance,2015,7.3705,0.04,"Drama,Thriller"
tt2654580,1,Almost Human,2013,8.3369,0.49,"Action,Crime,Drama"
tt3012160,1,Alpha House,2013,7.1,0.05,"Comedy,Drama"
tt1183865,1,Alphas,2011,7.6436,0.23,"Action,Drama,Sci-Fi"
tt3488298,1,American Crime,2015,8.7698,0.21,"Crime,Drama"
tt2788432,1,American Crime Story,2016,8.7267,0.71,"Biography,Crime,Drama"
tt1898069,1,American Gods,2017,8.0975,0.75,"Drama,Fantasy,Mystery"
tt5257744,1,American Gothic,2016,7.535,0.07,"Crime,Drama,Mystery"
tt1844624,1,American Horror Story,2011,8.2659,2.96,"Drama,Horror,Thriller"
tt3551796,1,American Odyssey,2015,7.8294,0.07,"Action,Drama,Thriller"
tt6877772,1,American Vandal,2017,8.1528,0.17,"Comedy,Crime,Drama"
tt3581932,1,And Then There Were None,2015,8.4921,0.11,"Crime,Drama,Mystery"
tt5574490,1,Animal Kingdom,2016,8.5823,0.13,"Crime,Drama"
tt5542294,1,APB,2017,7.5427,0.09,"Crime,Drama"
tt3768572,1,Aquarius,2015,7.5292,0.16,"Biography,Crime,Drama"
tt3348258,1,Arrow: Blood Rush,2013,7.9,0.01,"Action,Drama,Sci-Fi"
tt3696720,1,Ascension,2014,7.4302,0.07,"Drama,Sci-Fi"
tt4288182,1,Atlanta,2016,8.5587,0.48,"Comedy,Drama,Music"
tt6315640,1,Atypical,2017,8.3326,0.21,"Comedy,Drama"
tt1839683,1,Awake,2012,8.2757,0.31,"Drama,Fantasy,Mystery"
tt1663676,1,Awkward.,2011,7.8303,0.18,"Comedy,Drama,Romance"
tt2177489,1,Baby Daddy,2012,8.0329,0.12,"Comedy,Drama,Family"
tt2099034,1,Backstrom,2015,7.5481,0.12,"Comedy,Crime,Drama"
tt1212452,1,Bag of Bones,2011,6.2,0.02,"Drama,Horror,Mystery"
tt2891574,1,Ballers,2015,8.0642,0.47,"Comedy,Drama,Sport"
tt2017109,1,Banshee,2013,8.4863,0.66,"Action,Crime,Drama"
tt5807292,1,Barbarians Rising,2016,7.4,0,"Action,Documentary,Drama"
tt3468798,1,Baskets,2016,7.8945,0.08,"Comedy,Drama"
tt2188671,1,Bates Motel,2013,8.3858,0.88,"Drama,Horror,Mystery"
tt3215364,1,Battle Creek,2015,8.484,0.13,"Comedy,Crime,Drama"
tt2592094,1,Believe,2014,8.1682,0.16,"Drama,Fantasy,Sci-Fi"
tt2751074,1,Betrayal,2013,7.3,0.01,Drama
tt3032476,1,Better Call Saul,2015,8.9657,2.94,"Crime,Drama"
tt4370596,1,Better Things,2016,7.8763,0.08,"Comedy,Drama"
tt5174766,1,Beyond,2017,8.1274,0.08,"Drama,Fantasy,Mystery"
tt3920596,1,Big Little Lies,2017,8.6825,0.76,"Crime,Drama,Mystery"
tt4270492,1,Billions,2016,8.3838,0.33,Drama
tt2968404,1,Black Box,2014,7.9044,0.01,Drama
tt2085059,1,Black Mirror,2011,8.2334,6.36,"Drama,Sci-Fi,Thriller"
tt4474344,1,Blindspot,2016,8.1367,0.73,"Action,Crime,Drama"
tt4428022,1,Blood & Oil,2015,7.3521,0.03,"Crime,Drama,Romance"
tt3520702,1,Bloodline,2015,8.4232,0.44,"Drama,Thriller"
tt1595859,1,Blue Bloods,2011,7.9416,0.45,"Crime,Drama"
tt0979432,1,Boardwalk Empire,2010,8.4332,1.65,"Crime,Drama,History"
tt1587669,1,Body of Proof,2011,7.5952,0.12,"Crime,Drama"
tt3398228,1,BoJack Horseman,2014,7.7871,0.88,"Animation,Comedy,Drama"
tt2707792,1,Bonnie & Clyde,2013,6.9,0.01,"Biography,Crime,Drama"
tt1255913,1,Bored to Death,2009,7.5747,0.28,"Comedy,Crime,Drama"
tt3502248,1,Bosch,2015,8.5871,0.32,"Crime,Drama"
tt1833285,1,Boss,2011,8.0329,0.14,"Crime,Drama"
tt4877736,1,BrainDead,2016,8.1956,0.12,"Comedy,Drama,Horror"
tt0903747,1,Breaking Bad,2008,8.711,11.55,"Crime,Drama,Thriller"
tt2387761,1,Breaking Bad: Original Minisodes,2009,7.4767,0.05,"Comedy,Crime,Drama"
tt1590961,1,Breakout Kings,2011,7.7707,0.15,"Crime,Drama,Thriller"
tt5722190,1,Brockmire,2017,7.9341,0.02,"Comedy,Drama,Sport"
tt2414906,1,Broken at Love,2012,7.6871,0.03,"Drama,Romance,Sport"
tt5827228,1,Bull,2017,5.2053,0.39,"Comedy,Crime,Drama"
tt2006848,1,Bunheads,2012,7.9,0.01,"Comedy,Drama"
tt4276618,1,C.B. Strike,2017,8.0609,0.09,"Crime,Drama,Mystery"
tt1983079,1,Call the Midwife,2012,8.5787,0.12,"Drama,History"
tt1321865,1,Carlos,2010,7.7409,0.06,"Biography,Crime,Drama"
tt1219024,1,Castle,2009,8.1838,1.17,"Comedy,Crime,Drama"
tt4577466,1,Casual,2015,7.973,0.05,"Comedy,Drama"
tt5620076,1,Chance,2016,8.5971,0.1,"Drama,Mystery,Thriller"
tt4820370,1,Channel Zero,2016,7.6614,0.08,"Drama,Horror,Mystery"
tt1582458,1,Chase,2010,7.4,0.01,"Action,Crime,Drama"
tt2399794,1,Chasing Life,2014,8.3,0,"Drama,Family,Romance"
tt5151816,1,Chesapeake Shores,2016,8.7553,0.03,"Drama,Family"
tt2261391,1,Chicago Fire,2013,8.3141,0.37,"Action,Drama"
tt5640060,1,Chicago Justice,2017,8.2531,0.09,"Crime,Drama"
tt4655480,1,Chicago Med,2016,6.1248,0.19,Drama
tt2805096,1,Chicago P.D.,2014,7.6807,0.22,"Action,Crime,Drama"
tt4146128,1,Childhood's End,2015,7.4915,0.05,"Drama,Sci-Fi,Thriller"
tt2390334,1,Chosen,2013,7.5066,0.01,"Action,Drama,Thriller"
tt5640558,1,Claws,2017,8.3401,0.03,"Comedy,Crime,Drama"
tt4452630,1,Code Black,2015,9.2223,0.73,Drama
tt4209256,1,Colony,2016,8.204,0.21,"Action,Adventure,Drama"
tt2132641,1,Coma,2012,5.9816,0.02,"Drama,Mystery,Sci-Fi"
tt3410350,1,Complications,2015,8.4,0.01,"Crime,Drama,Thriller"
tt3489184,1,Constantine,2014,8.2636,0.73,"Drama,Fantasy,Horror"
tt4421578,1,Containment,2016,8.1607,0.11,Drama
tt5396572,1,Conviction,2016,7.8225,0.09,Drama
tt2006374,1,Copper,2012,7.66,0.11,"Action,Drama"
tt1495708,1,Covert Affairs,2010,7.7118,0.22,"Action,Crime,Drama"
tt4364202,1,Criminal Minds: Beyond Borders,2016,6.6454,0.08,"Crime,Drama,Mystery"
tt1703874,1,Criminal Minds: Suspect Behavior,2011,7.7139,0.11,"Crime,Drama,Mystery"
tt2322158,1,Crisis,2014,8.05,0.12,"Action,Drama,Thriller"
tt2400631,1,Crossbones,2014,7.5589,0.06,"Adventure,Drama"
tt3560060,1,CSI: Cyber,2015,6.4579,0.13,"Crime,Drama,Mystery"
tt2193053,1,Cult,2013,7.0164,0.02,"Drama,Mystery,Thriller"
tt2094262,1,Da Vinci's Demons,2013,8.3328,0.41,"Adventure,Biography,Drama"
tt1723760,1,Dallas,2012,8.1986,0.13,"Drama,Romance"
tt4337944,1,Damien,2016,8.0055,0.1,"Drama,Horror"
tt6106704,1,Damnation,2017,8.1678,0.05,"Crime,Drama,Western"
tt3322312,1,Daredevil,2015,8.903,3.49,"Action,Crime,Drama"
tt1319636,1,Dark Blue,2009,7.8,0.01,"Action,Crime,Drama"
tt5210998,1,Dead of Summer,2016,7.6195,0.06,"Drama,Fantasy,Horror"
tt1285482,1,Dead Set,2008,7.6048,0.17,"Comedy,Drama,Horror"
tt5707802,1,Dear White People,2017,6.0591,0.21,"Comedy,Drama"
tt2951788,1,Death Comes to Pemberley,2014,7.2867,0.02,"Drama,Mystery,Romance"
tt1888075,1,Death in Paradise,2011,7.7066,0.17,"Crime,Drama,Mystery"
tt2245029,1,Deception,2013,7,0.01,"Crime,Drama,Mystery"
tt2189221,1,Defiance,2013,7.5458,0.31,"Action,Drama,Sci-Fi"
tt1319690,1,Defying Gravity,2009,7.582,0.22,"Drama,Sci-Fi"
tt5296406,1,Designated Survivor,2017,7.886,0.95,"Action,Drama,Mystery"
tt2226342,1,Devious Maids,2013,8.308,0.12,"Comedy,Drama,Mystery"
tt3597606,1,Dig,2015,7.9366,0.07,"Drama,Mystery,Thriller"
tt5798078,1,Dimension 404,2017,6.5279,0.06,"Adventure,Comedy,Drama"
tt4304864,1,Divorce,2016,7.5212,0.05,"Comedy,Drama"
tt2184980,1,Do No Harm,2013,7.3,0.01,Drama
tt4938084,1,Doctor Thorne,2016,7.2,0,Drama
tt1135300,1,Dollhouse,2009,8.1103,1.19,"Drama,Mystery,Sci-Fi"
tt3079768,1,Dominion,2014,7.8745,0.2,"Action,Drama,Fantasy"
tt4447390,1,Doubt,2017,2.7039,0.09,Drama
tt1606375,1,Downton Abbey,2011,8.5187,0.61,"Drama,Romance"
tt2296682,1,Dracula,2013,8.0942,0.26,"Drama,Horror,Romance"
tt1280822,1,Drop Dead Diva,2009,7.861,0.14,"Comedy,Drama"
tt0866442,1,Eastbound & Down,2009,8.1084,0.28,"Comedy,Drama,Sport"
tt1402376,1,Eastwick,2009,7.456,0.03,"Drama,Fantasy"
tt6692188,1,El Chapo,2017,8.0166,0.07,"Crime,Drama"
tt2191671,1,Elementary,2013,8.2943,1.23,"Crime,Drama,Mystery"
tt1118697,1,Eleventh Hour,2008,7.2063,0.05,"Crime,Drama,Mystery"
tt0892535,1,Eli Stone,2008,7.7413,0.07,"Comedy,Drama,Fantasy"
tt3579018,1,Emerald City,2017,8.0579,0.17,"Adventure,Drama,Fantasy"
tt1366312,1,Emma,2009,7.9446,0.06,"Comedy,Drama,Romance"
tt3228904,1,Empire,2015,8.3255,0.3,"Drama,Music"
tt1509004,1,Enlightened,2011,7.694,0.11,"Comedy,Drama"
tt5249462,1,Erased,2016,8.5013,0.1,"Animation,Drama,Fantasy"
tt3155320,1,Extant,2014,7.291,0.25,"Drama,Sci-Fi,Thriller"
tt3186162,1,Eye Candy,2015,8.3987,0.07,"Crime,Drama,Mystery"
tt4326894,1,F Is for Family,2015,7.9735,0.12,"Animation,Comedy,Drama"
tt1586676,1,Fairly Legal,2011,7.8428,0.02,"Comedy,Drama"
tt3127020,1,Faking It,2014,8.632,0.07,"Comedy,Drama,Romance"
tt1462059,1,Falling Skies,2011,7.4768,0.53,"Action,Adventure,Drama"
tt4520992,1,Falling Water,2016,7.5475,0.03,"Drama,Mystery,Sci-Fi"
tt4578474,1,Famous in Love,2017,8.2863,0.05,"Drama,Romance"
tt2802850,1,Fargo,2014,9.094,2.66,"Crime,Drama,Thriller"
tt3743822,1,Fear the Walking Dead,2015,7.5791,1.11,"Drama,Horror,Sci-Fi"
tt5095238,1,Fear the Walking Dead: Flight 462,2015,7.0896,0.09,"Drama,Horror,Sci-Fi"
tt5973164,1,Fearless,2017,7.9,0,"Crime,Drama,Mystery"
tt5363766,1,Feed the Beast,2016,7.8093,0.02,"Crime,Drama"
tt1984119,1,Feud,2017,8.8497,0.27,"Biography,Drama"
tt3186138,1,Finding Carter,2014,7.5528,0.04,Drama
tt4973548,1,Flaked,2016,7.6796,0.06,"Comedy,Drama"
tt1441135,1,Flashforward,2010,8.1153,1.02,"Drama,Mystery,Sci-Fi"
tt3507484,1,Flesh and Bone,2015,8.4351,0.07,Drama
tt3487382,1,Forever,2014,8.8899,0.98,"Crime,Drama,Fantasy"
tt5531470,1,Frequency,2016,8.0335,0.13,"Drama,Fantasy,Mystery"
tt5565334,1,Friends from College,2017,6.8751,0.06,"Comedy,Drama"
tt1119644,1,Fringe,2009,8.2275,3.93,"Drama,Mystery,Sci-Fi"
tt4074374,1,Game of Silence,2016,8.0979,0.02,Drama
tt0944947,1,Game of Thrones,2011,9.1268,13.62,"Action,Adventure,Drama"
tt2719784,1,Gang Related,2014,8.5149,0.08,"Action,Crime,Drama"
tt0995832,1,Generation Kill,2008,8.5224,0.46,"Drama,War"
tt1883092,1,Generation War,2013,8.163,0.07,"Action,Drama,History"
tt5673782,1,Genius,2017,8.3801,0.19,"Biography,Drama,History"
tt6856484,1,Ghost Wars,2017,7.4723,0.05,"Drama,Fantasy,Horror"
tt5435008,1,Gilmore Girls: A Year in the Life,2016,8.3718,0.16,"Comedy,Drama"
tt2543796,1,Girl Meets World,2014,8.2312,0.24,"Comedy,Drama,Family"
tt1723816,1,Girls,2012,7.3999,0.52,"Comedy,Drama"
tt1327801,1,Glee,2010,8.6951,2.45,"Comedy,Drama,Music"
tt5770786,1,GLOW,2017,8.0219,0.33,"Comedy,Drama,Sport"
tt5516154,1,Godless,2017,8.4053,0.29,"Drama,Western"
tt4687880,1,Goliath,2016,8.5282,0.16,Drama
tt2049116,1,Gomorrah,2014,8.4043,0.2,"Crime,Drama,Thriller"
tt4855114,1,Good Behavior,2016,8.4665,0.1,"Crime,Drama,Mystery"
tt1415889,1,Good Luck Charlie,2010,8.2,0.01,"Comedy,Drama,Family"
tt3906732,1,Good Witch,2015,8.0314,0.04,"Comedy,Drama,Fantasy"
tt3749900,1,Gotham,2015,8.3012,2.9,"Action,Crime,Drama"
tt2393813,1,Graceland,2013,8.4502,0.12,"Action,Crime,Drama"
tt1830617,1,Grimm,2012,8.2762,1.66,"Drama,Fantasy,Horror"
tt5376862,1,Guilt,2016,7.6,0,Drama
tt6128262,1,Gunpowder,2017,7.5,0.05,"Drama,History"
tt5503718,1,Gypsy,2017,7.6622,0.15,"Drama,Thriller"
tt2543312,1,Halt and Catch Fire,2014,8.246,0.26,Drama
tt3973768,1,Hand of God,2015,7.2763,0.12,"Crime,Drama"
tt2243973,1,Hannibal,2013,8.667,2.41,"Crime,Drama,Horror"
tt3729898,1,Hap and Leonard,2016,7.9484,0.04,"Crime,Drama,Thriller"
tt3095080,1,Happyish,2015,6.9795,0.01,"Comedy,Drama"
tt1232320,1,Harper's Island,2009,7.659,0.43,"Drama,Horror,Mystery"
tt1582453,1,Harry's Law,2011,7.7161,0.02,"Comedy,Crime,Drama"
tt1832979,1,Hart of Dixie,2012,7.9998,0.44,"Comedy,Drama,Romance"
tt5467814,1,Haters Back Off!,2016,7.5318,0.06,"Comedy,Drama,Romance"
tt1985443,1,Hatfields & McCoys,2012,8.1617,0.11,"Drama,History,Romance"
tt1600194,1,Hawaii Five-0,2011,8.3425,0.79,"Action,Crime,Drama"
tt4481266,1,Heartbeat,2016,8.1117,0.02,"Comedy,Drama,Romance"
tt1596356,1,Hellcats,2010,7.5,0.01,"Comedy,Drama"
tt3556944,1,Heroes Reborn,2015,7.7635,0.32,"Drama,Fantasy,Sci-Fi"
tt6078096,1,High Maintenance,2016,8.084,0.03,"Comedy,Drama"
tt1796960,1,Homeland,2011,8.4248,2.02,"Crime,Drama,Mystery"
tt5425186,1,Horace and Pete,2016,8.6142,0.12,"Comedy,Drama"
tt2647258,1,Hostages,2013,7.624,0.13,"Drama,Mystery,Thriller"
tt3543082,1,Hotel Beau Sjour,2017,7.4,0,"Crime,Drama,Mystery"
tt3132738,1,Houdini,2014,7.8,0.03,"Biography,Drama"
tt1856010,1,House of Cards,2013,8.5615,2.8,Drama
tt1797404,1,House of Lies,2012,7.3035,0.23,"Comedy,Drama"
tt3205802,1,How to Get Away with Murder,2014,8.7374,1.14,"Crime,Drama,Mystery"
tt1299365,1,How to Make It in America,2010,7.214,0.04,"Comedy,Drama"
tt1229413,1,Hung,2009,7.5411,0.3,"Comedy,Drama"
tt4983204,1,Hunters,2016,7.0429,0.01,"Crime,Drama,Sci-Fi"
tt3973808,1,Hysteria,2014,7,0,"Drama,Mystery"
tt4938700,1,I'm Dying Up Here,2017,7.2484,0.02,"Comedy,Drama"
tt5212822,1,Imposters,2017,8.3871,0.07,"Comedy,Drama,Mystery"
tt0935095,1,In Plain Sight,2008,7.7558,0.05,"Crime,Drama,Mystery"
tt5729304,1,In the Dark,2017,7.2,0,"Crime,Drama,Mystery"
tt0835434,1,In Treatment,2008,8.411,0.71,Drama
tt4118466,1,Incorporated,2016,7.8942,0.06,"Crime,Drama,Sci-Fi"
tt0874608,1,Inspector Lewis,2008,8.0401,0.46,"Crime,Drama,Mystery"
tt2693776,1,Intelligence,2014,8.2028,0.18,"Action,Drama,Sci-Fi"
tt3865236,1,Into the Badlands,2015,8.4627,0.24,"Action,Adventure,Drama"
tt3501584,1,iZombie,2015,8.4296,0.59,"Comedy,Crime,Drama"
tt6682754,1,Jean-Claude Van Johnson,2017,8.1191,0.23,"Action,Comedy,Drama"
tt2357547,1,Jessica Jones,2015,8.5321,2.06,"Action,Crime,Drama"
tt0472027,1,John Adams,2008,8.3472,0.38,"Biography,Drama,History"
tt1489428,1,Justified,2010,8.3391,1.17,"Action,Crime,Drama"
tt6474174,1,Kevin (Probably) Saves the World,2017,8.532,0.08,"Comedy,Drama,Fantasy"
tt2657258,1,Killer Women,2014,7,0,"Drama,Western"
tt2402129,1,King & Maxwell,2013,8.1937,0.02,"Crime,Drama"
tt3673794,1,Kingdom,2014,8.6946,0.08,Drama
tt1137462,1,Kings,2009,8.2294,0.16,"Drama,Sci-Fi"
tt2761630,1,Klondike,2014,7.6481,0.03,"Adventure,Drama,Western"
tt6560040,1,La fort,2017,7.2,0,"Crime,Drama"
tt1866570,1,Labyrinth,2013,6.5041,0.01,"Adventure,Drama,Fantasy"
tt5674718,1,Las chicas del cable,2017,8.3336,0.04,Drama
tt2172103,1,Last Resort,2012,8.1728,0.35,"Action,Drama,Mystery"
tt6110318,1,Law & Order True Crime,2017,8.014,0.04,"Crime,Drama,Mystery"
tt1657081,1,Law & Order: LA,2010,7,0.01,"Crime,Drama,Mystery"
tt0844653,1,Legend of the Seeker,2009,8.2869,0.79,"Action,Adventure,Drama"
tt2402137,1,Legends,2014,8.0988,0.14,"Action,Crime,Drama"
tt4532368,1,Legends of Tomorrow,2016,8.2099,0.99,"Action,Adventure,Drama"
tt5114356,1,Legion,2017,8.8574,1.09,"Action,Drama,Sci-Fi"
tt5164196,1,Lethal Weapon,2016,8.4095,0.43,"Action,Crime,Drama"
tt1235099,1,Lie to Me,2009,8.0063,1.07,"Crime,Drama,Mystery"
tt0787490,1,Life on Mars,2009,7.6918,0.27,"Crime,Drama,Mystery"
tt1442109,1,Life Unexpected,2010,8.1955,0.06,Drama
tt4422836,1,Limitless,2015,8.2422,0.8,"Comedy,Crime,Drama"
tt1178522,1,Little Dorrit,2009,7.8928,0.02,"Drama,Mystery,Romance"
tt2794380,1,Liv and Maddie,2013,7.2,0.01,"Comedy,Drama,Family"
tt4108134,1,London Spy,2015,7.9799,0.06,"Crime,Drama,Mystery"
tt1836037,1,Longmire,2012,8.5659,0.62,"Action,Crime,Drama"
tt2581458,1,Looking,2014,8.4055,0.14,"Comedy,Drama,Romance"
tt1492966,1,Louie,2010,8.0731,0.83,"Comedy,Drama"
tt4061080,1,Love,2016,8.0288,0.19,"Comedy,Drama,Romance"
tt2314792,1,Low Winter Sun,2013,7.6951,0.06,"Crime,Drama"
tt4052886,1,Lucifer,2016,8.787,1.29,"Crime,Drama,Fantasy"
tt1578887,1,Luck,2012,7.7391,0.1,"Drama,Sport"
tt3322314,1,Luke Cage,2016,8.205,1.07,"Action,Crime,Drama"
tt1399045,1,MacGyver,2016,7.321,0.21,"Action,Adventure,Drama"
tt2805574,1,Mad Dogs,2015,8.0304,0.07,"Comedy,Crime,Drama"
tt3501074,1,Madam Secretary,2015,7.4701,0.28,Drama
tt1832045,1,Magic City,2012,7.5228,0.12,"Crime,Drama"
tt1936532,1,Major Crimes,2012,8.4115,0.15,"Crime,Drama,Mystery"
tt3231564,1,Manhattan,2014,8.2458,0.1,"Drama,History,War"
tt5618256,1,Manhunt: Unabomber,2017,8.3432,0.23,"Crime,Drama"
tt2189461,1,Marco Polo,2014,8.178,0.38,"Adventure,Drama,History"
tt4939064,1,Mars,2016,7.6509,0.08,"Adventure,Drama,Sci-Fi"
tt2137109,1,Masters of Sex,2013,8.3027,0.39,"Drama,Romance"
tt1942919,1,Men at Work,2012,6.5,0.01,"Comedy,Drama,Romance"
tt4597870,1,Mercy Street,2016,7.6621,0.01,"Drama,History"
tt1199099,1,Merlin,2009,8.1447,0.86,"Adventure,Drama,Fantasy"
tt5464086,1,"Midnight, Texas",2017,8.0993,0.14,"Drama,Fantasy,Mystery"
tt1492030,1,Mildred Pierce,2011,7.8845,0.12,Drama
tt5290382,1,Mindhunter,2017,8.4384,1.1,"Crime,Drama,Thriller"
tt4450826,1,Minority Report,2015,7.0903,0.11,"Action,Crime,Drama"
tt1828246,1,Missing,2012,7.5996,0.13,"Action,Drama,Thriller"
tt2295809,1,Mistresses,2013,8.227,0.09,"Drama,Romance,Thriller"
tt2176609,1,Mob City,2013,7.9813,0.08,"Crime,Drama,Mystery"
tt2660806,1,Mom,2013,7.8155,0.31,"Comedy,Drama,Romance"
tt3502172,1,Mozart in the Jungle,2014,8.0611,0.21,"Comedy,Drama,Music"
tt4158110,1,Mr. Robot,2015,8.9189,2.75,"Crime,Drama,Thriller"
tt2402061,1,Murder in the First,2014,8.045,0.07,"Crime,Drama,Mystery"
tt1091909,1,Murdoch Mysteries,2008,7.8668,0.31,"Crime,Drama,Mystery"
tt1217239,1,My Own Worst Enemy,2008,7.3,0.01,"Action,Drama,Thriller"
tt2707408,1,Narcos,2015,8.7387,1.52,"Biography,Crime,Drama"
tt2281375,1,Nashville,2013,7.5194,0.22,"Drama,Music,Romance"
tt1378167,1,NCIS: Los Angeles,2010,7.7813,0.53,"Crime,Drama,Mystery"
tt3560084,1,NCIS: New Orleans,2015,7.8887,0.2,"Crime,Drama"
tt1657505,1,Necessary Roughness,2011,7.7,0.01,"Comedy,Drama,Romance"
tt0928414,1,New Amsterdam,2008,7.4,0.03,"Crime,Drama,Sci-Fi"
tt1592154,1,Nikita,2011,8.5907,0.79,"Action,Crime,Drama"
tt1591493,1,No Ordinary Family,2011,7.5296,0.2,"Action,Comedy,Drama"
tt5595688,1,No Tomorrow,2016,7.5293,0.03,"Comedy,Drama,Romance"
tt5519574,1,Notorious,2016,7.1446,0.03,"Drama,Thriller"
tt1190689,1,Nurse Jackie,2009,7.7691,0.33,"Comedy,Drama"
tt4387170,1,Of Kings and Prophets,2016,7.1,0,Drama
tt1587694,1,Off the Map,2011,8.2733,0.07,"Action,Adventure,Drama"
tt3012698,1,Olive Kitteridge,2014,8.6563,0.08,Drama
tt2802008,1,Once Upon a Time in Wonderland,2013,8.1278,0.14,"Adventure,Drama,Fantasy"
tt4947608,1,One Mississippi,2016,7.5914,0.01,"Comedy,Drama"
tt2372162,1,Orange Is the New Black,2013,8.2135,1.51,"Comedy,Crime,Drama"
tt4229954,1,Outcast,2016,8.1042,0.23,"Drama,Horror"
tt3006802,1,Outlander,2014,8.9231,2.3,"Drama,Fantasy,Romance"
tt4816626,1,Outsiders,2016,8.6833,0.09,Drama
tt3718778,1,Over the Garden Wall,2014,8.6265,0.29,"Adventure,Animation,Drama"
tt5071412,1,Ozark,2017,8.4032,0.87,"Crime,Drama,Thriller"
tt1826805,1,Pan Am,2011,7.5403,0.18,"Drama,History,Romance"
tt1956017,1,Parade's End,2013,7.7655,0.06,"Action,Drama,Romance"
tt5839454,1,Paranoid,2016,7.4228,0.04,"Crime,Drama,Mystery"
tt1416765,1,Parenthood,2010,8.0582,0.22,"Comedy,Drama"
tt4687882,1,Patriot,2017,8.5462,0.07,"Comedy,Drama,Thriller"
tt2442560,1,Peaky Blinders,2014,8.674,0.82,"Crime,Drama"
tt2628232,1,Penny Dreadful,2014,8.3828,0.86,"Drama,Fantasy,Horror"
tt1714204,1,Perception,2012,8.0559,0.18,"Crime,Drama,Mystery"
tt1839578,1,Person of Interest,2012,8.8468,4.84,"Action,Crime,Drama"
tt1333050,1,Persons Unknown,2010,7.0199,0.1,"Drama,Mystery,Thriller"
tt5500158,1,Pitch,2016,8.1811,0.06,"Drama,Sport"
tt3636060,1,Poldark,2015,8.6481,0.16,"Drama,History,Romance"
tt2239947,1,Political Animals,2012,8.471,0.08,Drama
tt3281796,1,Power,2014,8.2843,0.15,"Crime,Drama"
tt1851040,1,Powers,2015,7.6134,0.08,"Action,Crime,Drama"
tt5016504,1,Preacher,2016,8.334,0.64,"Adventure,Drama,Fantasy"
tt1578873,1,Pretty Little Liars,2010,8.285,1.44,"Drama,Mystery,Romance"
tt1582456,1,Prime Suspect,2011,7.4208,0.02,"Crime,Drama,Thriller"
tt5936838,1,Prime Suspect 1973,2017,8.0406,0.03,"Crime,Drama,Thriller"
tt3595806,1,Proof,2015,8.1561,0.05,"Drama,Fantasy,Mystery"
tt3597854,1,Public Morals,2015,7.9639,0.01,"Crime,Drama"
tt5500906,1,Pure Genius,2016,5.1231,0.1,Drama
tt4428122,1,Quantico,2016,6.9328,0.6,"Crime,Drama,Mystery"
tt2980696,1,Quarry,2016,8.629,0.12,"Crime,Drama,Thriller"
tt1064899,1,Queen of the South,2016,8.4349,0.08,"Action,Crime,Drama"
tt1765510,1,R.L. Stine's The Haunting Hour,2011,7.5267,0.08,"Drama,Family,Fantasy"
tt2515462,1,Rake,2014,6.6,0,"Comedy,Crime,Drama"
tt2799012,1,Ravenswood,2013,7.4472,0.05,"Drama,Horror"
tt2249007,1,Ray Donovan,2013,8.2678,0.52,"Crime,Drama"
tt2183404,1,Rectify,2013,8.3745,0.17,Drama
tt3576794,1,Red Band Society,2014,8.432,0.09,"Comedy,Drama"
tt2710394,1,Reign,2014,8.1891,0.34,"Drama,Fantasy"
tt6768146,1,Rellik,2017,7.1132,0.01,"Crime,Drama,Mystery"
tt2647586,1,Resurrection,2014,8.3508,0.14,"Drama,Fantasy"
tt1837642,1,Revenge,2012,8.496,1.32,"Drama,Mystery,Thriller"
tt2070791,1,Revolution,2013,7.8649,0.85,"Action,Adventure,Drama"
tt1819654,1,Ringer,2012,8.359,0.38,"Crime,Drama,Mystery"
tt7235466,1,9/1/2001,2018,8.2746,0.38,"Action,Drama,Thriller"
tt4258440,1,River,2015,8.1449,0.09,"Crime,Drama,Mystery"
tt2177461,1,A Discovery of Witches,2018,8.8345,0.27,"Drama,Fantasy,Romance"
tt2261227,1,Altered Carbon,2018,8.2753,1.93,"Action,Drama,Sci-Fi"
tt5420376,1,Riverdale,2017,8.1809,0.78,"Crime,Drama,Mystery"
tt1551632,1,Rizzoli & Isles,2010,8.2402,0.3,"Crime,Drama,Mystery"
tt4270458,1,Roadies,2016,8.1859,0.06,"Comedy,Drama,Music"
tt2397255,1,Rogue,2013,7.1,0.01,"Action,Crime,Drama"
tt1442065,1,Rookie Blue,2010,7.8793,0.15,"Crime,Drama"
tt6064882,1,Room 104,2017,6.3765,0.21,"Drama,Horror,Thriller"
tt3315386,1,Roots,2016,8.048,0.04,"Drama,History"
tt5348176,1,Barry,2018,8.3481,0.45,"Comedy,Crime,Drama"
tt3087752,1,Rosemary's Baby,2014,6.6569,0.01,"Drama,Horror,Mystery"
tt4465472,1,Rosewood,2015,7.7289,0.08,"Crime,Drama,Mystery"
tt1319735,1,Royal Pains,2009,7.7056,0.18,"Comedy,Drama"
tt1389371,1,Rubicon,2010,8.1542,0.17,"Crime,Drama,Mystery"
tt1236246,1,Runaways,2017,7.5088,0.29,"Action,Drama,Sci-Fi"
tt6045840,1,Black Lightning,2018,7.3444,0.69,"Action,Drama,Sci-Fi"
tt2963254,1,Salem,2014,7.9719,0.19,"Drama,Fantasy,Thriller"
tt7493974,1,Bodyguard,2018,8.5294,0.63,"Crime,Drama,Thriller"
tt6170874,1,Salvation,2017,7.7433,0.19,"Drama,Sci-Fi,Thriller"
tt2487090,1,Sam & Cat,2013,8.0795,0.02,"Comedy,Drama,Family"
tt3205236,1,Satisfaction,2014,8.5,0.01,Drama
tt1837576,1,Scandal,2012,8.0092,0.37,"Drama,Thriller"
tt3514324,1,Scorpion,2014,7.6894,0.62,"Action,Crime,Drama"
tt3921180,1,Scream: The TV Series,2015,7.9665,0.42,"Crime,Drama,Horror"
tt6548228,1,Castle Rock,2018,8.4047,1.12,"Drama,Fantasy,Horror"
tt5460226,1,Search Party,2016,7.8811,0.04,"Comedy,Crime,Drama"
tt4378456,1,Second Chance,2016,8.2758,0.1,"Drama,Sci-Fi"
tt1000734,1,Secret Diary of a Call Girl,2008,7.0812,0.15,Drama
tt3516878,1,Secrets and Lies,2015,8.2594,0.14,"Crime,Drama"
tt2431438,1,Sense8,2015,8.6815,1.7,"Drama,Mystery,Sci-Fi"
tt5614844,1,Cloak & Dagger,2018,7.3755,0.51,"Action,Adventure,Drama"
tt1286039,1,SGU Stargate Universe,2010,7.6275,0.98,"Drama,Sci-Fi"
tt7221388,1,Cobra Kai,2018,8.7041,0.55,"Action,Comedy,Drama"
tt4118584,1,Shades of Blue,2016,8.1322,0.13,"Crime,Drama"
tt6729080,1,Collateral,2018,7.2418,0.1,"Crime,Drama,Mystery"
tt1586680,1,Shameless,2011,8.5794,1.29,"Comedy,Drama"
tt6510950,1,Condor,2018,8.0051,0.16,"Action,Drama,Thriller"
tt1475582,1,Sherlock,2010,8.7982,6.44,"Crime,Drama,Mystery"
tt4643084,1,Counterpart,2018,8.3969,0.51,"Drama,Sci-Fi,Thriller"
tt4181172,1,Shooter,2016,8.3486,0.2,"Action,Drama"
tt5093452,1,Shots Fired,2017,7.3,0.01,"Crime,Drama"
tt2492296,1,Show Me a Hero,2015,8.3382,0.07,"Drama,History"
tt5520392,1,Shut Eye,2016,6.9678,0.02,"Crime,Drama,Fantasy"
tt2935974,1,Siberia,2013,7,0.01,"Adventure,Drama,Mystery"
tt6461812,1,Deception,2018,8.1843,0.3,"Crime,Drama,Mystery"
tt5869202,1,Dietland,2018,7.1789,0.02,"Comedy,Drama"
tt5541338,1,Six,2017,7.7887,0.09,"Action,Drama,History"
tt4667888,1,Slasher,2016,7.3901,0.08,"Drama,Horror,Mystery"
tt2647544,1,Sleepy Hollow,2013,7.9782,0.61,"Adventure,Drama,Fantasy"
tt1825133,1,Smash,2012,7.9397,0.21,"Drama,Musical"
tt6128300,1,Dynasty,2018,8.6317,0.35,Drama
tt5011816,1,Sneaky Pete,2016,8.4608,0.25,"Crime,Drama"
tt7491982,1,FBI,2018,7.1153,0.05,"Crime,Drama,Mystery"
tt6439752,1,Snowfall,2017,7.7179,0.08,"Crime,Drama"
tt6467294,1,Somewhere Between,2017,6.6637,0.01,"Drama,Sci-Fi,Thriller"
tt1124373,1,Sons of Anarchy,2008,8.4589,2.92,"Crime,Drama,Thriller"
tt3782838,1,Sons of Liberty,2015,8.1251,0.02,"Drama,History"
tt1299368,1,Southland,2009,8.0331,0.18,"Crime,Drama,Thriller"
tt4939950,1,SS-GB,2017,7.1583,0.03,"Action,Drama,Sci-Fi"
tt3560094,1,Stalker,2014,8.0798,0.3,"Crime,Drama,Thriller"
tt4941240,1,Star,2016,6.7,0,"Drama,Music,Musical"
tt5171438,1,Star Trek: Discovery,2017,7.644,1.82,"Action,Adventure,Drama"
tt2657262,1,Star-Crossed,2014,8.922,0.36,"Drama,Romance,Sci-Fi"
tt3489236,1,State of Affairs,2015,7.6099,0.09,"Drama,Thriller"
tt6437276,1,For The People,2018,7.5,0.01,Drama
tt5165412,1,Still Star-Crossed,2017,2.9117,0.06,Drama
tt5909930,1,Ghoul,2018,7.9,0.03,"Drama,Fantasy,Horror"
tt4574334,1,Stranger Things,2016,8.8542,3.05,"Drama,Fantasy,Horror"
tt7948998,1,God Friended Me,2018,8.071,0.04,"Comedy,Drama"
tt6474378,1,Good Girls,2018,7.9,0.03,"Comedy,Crime,Drama"
tt1632701,1,Suits,2011,8.5879,1.66,"Comedy,Drama"
tt7242816,1,Harrow,2018,7.8,0.01,Drama
tt4016454,1,Supergirl,2016,7.873,1.42,"Action,Adventure,Drama"
tt5923012,1,Here and Now,2018,7.566,0.06,"Comedy,Drama"
tt5963958,1,Innocent,2018,7.5,0.01,"Crime,Drama,Mystery"
tt1758772,1,Switched at Birth,2011,8.3964,0.19,"Drama,Family,Romance"
tt6487482,1,Insatiable,2018,7.4208,0.29,"Comedy,Drama,Thriller"
tt1567432,1,Teen Wolf,2011,8.5459,0.95,"Action,Comedy,Drama"
tt6461706,1,Ten Days in the Valley,2017,6.4,0.01,Drama
tt0851851,1,Terminator: The Sarah Connor Chronicles,2008,7.8637,1.06,"Action,Drama,Sci-Fi"
tt1493239,1,Terriers,2010,7.849,0.21,"Crime,Drama,Mystery"
tt3598496,1,Texas Rising,2015,7.4318,0.03,"Drama,Western"
tt4124758,1,Instinct,2018,7.5945,0.14,"Crime,Drama,Mystery"
tt2661044,1,The 100,2014,8.1387,1.92,"Drama,Mystery,Sci-Fi"
tt7375404,1,Kidding,2018,7.7526,0.15,"Comedy,Drama"
tt2699110,1,The Affair,2014,8.0839,0.3,Drama
tt7016936,1,Killing Eve,2018,8.7662,0.75,"Drama,Thriller"
tt4555364,1,Knightfall,2018,7.7873,0.32,"Action,Adventure,Drama"
tt2149175,1,The Americans,2013,8.3796,0.87,"Crime,Drama,Mystery"
tt4941288,1,The Arrangement,2017,7.5,0.01,Drama
tt3530726,1,The Astronaut Wives Club,2015,8.1333,0.01,Drama
tt4218618,1,The Bastard Executioner,2015,7.6438,0.1,Drama
tt2245988,1,The Bible,2013,7.7113,0.14,"Action,Documentary,Drama"
tt1515193,1,The Big C,2010,8.071,0.19,"Comedy,Drama"
tt4276624,1,Krypton,2018,7.9505,0.4,"Action,Adventure,Drama"
tt2741602,1,The Blacklist,2014,8.3851,1.67,"Crime,Drama,Mystery"
tt5592230,1,The Blacklist: Redemption,2017,7.9925,0.1,"Action,Crime,Drama"
tt6088922,1,Life Sentence,2018,7.9,0.01,"Comedy,Drama"
tt6116060,1,The Bold Type,2017,8.7055,0.08,Drama
tt1554369,1,The Booth at the End,2011,7.7,0.01,"Drama,Mystery"
tt1582457,1,The Borgias,2011,7.9655,0.29,"Crime,Drama,History"
tt6461736,1,The Brave,2017,8.3832,0.17,"Action,Drama,Thriller"
tt2406376,1,The Bridge,2013,7.9923,0.23,"Crime,Drama,Mystery"
tt1593823,1,The Cape,2011,7.1332,0.09,"Action,Drama"
tt2554946,1,The Casual Vacancy,2015,7.2677,0.02,Drama
tt4396862,1,The Catch,2016,7.9548,0.08,"Crime,Drama,Romance"
tt5232792,1,Lost in Space,2018,7.5986,1.12,"Adventure,Drama,Family"
tt1620950,1,The Chicago Code,2011,7.8298,0.04,"Action,Crime,Drama"
tt2022170,1,The Client List,2012,7.2496,0.08,Drama
tt1809362,1,The Confession,2011,8.3,0.01,"Action,Crime,Drama"
tt3494220,1,The Crimson Field,2015,8.0049,0.02,"Drama,War"
tt8045690,1,Luis Miguel: La Serie,2018,8.3,0.01,"Biography,Drama,Music"
tt4786824,1,The Crown,2016,8.6831,0.65,"Drama,History"
tt5580146,1,Maniac,2018,7.9711,1.05,"Comedy,Drama,Sci-Fi"
tt4998350,1,The Deuce,2017,8.286,0.23,Drama
tt5014882,1,The Durrells in Corfu,2016,8.009,0.03,"Biography,Comedy,Drama"
tt1582459,1,The Event,2011,7.3038,0.38,"Crime,Drama,Mystery"
tt5368542,1,The Exorcist,2016,8.4688,0.33,"Drama,Horror,Thriller"
tt8421350,1,Manifest,2018,8.1478,0.15,"Drama,Mystery"
tt3230854,1,The Expanse,2016,8.261,0.56,"Drama,Mystery,Sci-Fi"
tt4428038,1,The Family,2016,8.4118,0.06,"Drama,Mystery"
tt1943524,1,The Finder,2012,7.96,0.19,"Comedy,Crime,Drama"
tt5715524,1,Mayans M.C.,2018,8.0138,0.19,"Crime,Drama,Thriller"
tt4370528,1,The Five,2016,7.9849,0.05,"Crime,Drama,Mystery"
tt5056958,1,Mosaic,2018,7.3318,0.05,"Crime,Drama,Mystery"
tt7472896,1,Mr Inbetween,2018,7.7,0.01,"Crime,Drama"
tt3107288,1,The Flash,2015,8.953,5.03,"Action,Adventure,Drama"
tt2071645,1,The Following,2013,7.6836,0.79,"Crime,Drama,Mystery"
tt2262532,1,The Fosters,2013,7.6663,0.26,"Drama,Romance"
tt1437351,1,The Fugitive Chronicles,2010,9.2,0.03,"Crime,Drama"
tt1599357,1,The Gates,2010,7.1732,0.03,"Crime,Drama,Fantasy"
tt4592410,1,The Get Down,2017,8.5379,0.18,"Drama,Music,Musical"
tt7817340,1,New Amsterdam,2018,8.3226,0.06,Drama
tt4396630,1,The Gifted,2017,8.1769,0.47,"Action,Drama,Fantasy"
tt3846642,1,The Girlfriend Experience,2016,7.6777,0.1,Drama
tt1552112,1,The Glades,2010,7.5565,0.15,"Action,Crime,Drama"
tt6586318,1,Patrick Melrose,2018,8.5468,0.35,Drama
tt6470478,1,The Good Doctor,2017,8.0166,0.99,Drama
tt6038954,1,Picnic at Hanging Rock,2018,6.9563,0.06,"Drama,Mystery,Romance"
tt5853176,1,The Good Fight,2017,8.3061,0.14,"Crime,Drama"
tt7562112,1,Pose,2018,8.7996,0.14,Drama
tt4955642,1,The Good Place,2016,8.4569,0.6,"Comedy,Drama,Fantasy"
tt1442462,1,The Good Wife,2010,7.9569,0.99,"Crime,Drama,Mystery"
tt2763296,1,The Great Train Robbery,2013,7.6064,0.02,"Biography,Crime,Drama"
tt6712390,1,Requiem,2018,7.3182,0.05,"Drama,Fantasy,Mystery"
tt5834204,1,The Handmaid's Tale,2017,8.5404,1.08,"Drama,Sci-Fi"
tt3280150,1,The Heavy Water War: Stopping Hitler's Atomic Bomb,2015,7.8346,0.04,"Drama,History,War"
tt3021686,1,The Honourable Woman,2014,7.8468,0.07,"Drama,Thriller"
tt6461746,1,Reverie,2018,7.5967,0.13,"Drama,Sci-Fi,Thriller"
tt1637727,1,The Killing,2011,8.2201,0.83,"Crime,Drama,Mystery"
tt2937900,1,The Knick,2014,8.5754,0.43,Drama
tt6487416,1,Rise,2018,8.1805,0.04,Drama
tt3230454,1,The Last Man on Earth,2015,7.625,0.45,"Action,Comedy,Drama"
tt5133742,1,The Last Post,2017,7.5,0,"Drama,History,Romance"
tt7920978,1,Sahsiyet,2018,8.556,0.06,"Crime,Drama,Mystery"
tt2402207,1,The Last Ship,2014,8.4383,0.43,"Action,Drama,Sci-Fi"
tt3390892,1,The Last Tycoon,2017,8.1227,0.04,Drama
tt2699128,1,The Leftovers,2014,8.6438,1.37,"Drama,Fantasy,Mystery"
tt4145760,1,The Lizzie Borden Chronicles,2015,7.3059,0.03,"Crime,Drama,Horror"
tt6734482,1,The Loch,2017,7.5209,0.03,"Crime,Drama,Mystery"
tt1210820,1,The Long Road Home,2017,7.9342,0.03,"Action,Biography,Drama"
tt6473344,1,SEAL Team,2018,7.7997,0.48,"Action,Drama,War"
tt1798274,1,The Lying Game,2011,7.7214,0.02,"Drama,Mystery"
tt6297682,1,Seven Seconds,2018,6.9,0.03,"Crime,Drama"
tt4254242,1,The Magicians,2016,8.212,0.28,"Drama,Fantasy"
tt2649356,1,Sharp Objects,2018,8.5132,1.08,"Crime,Drama,Mystery"
tt1740299,1,The Man in the High Castle,2015,8.2423,0.62,"Drama,Sci-Fi,Thriller"
tt5788792,1,The Marvelous Mrs. Maisel,2017,8.482,0.29,"Comedy,Drama"
tt1196946,1,The Mentalist,2009,8.1053,2.36,"Crime,Drama,Mystery"
tt3513704,1,The Messengers,2015,7.8609,0.11,"Drama,Fantasy,Mystery"
tt6889090,1,The Miniaturist,2017,7.6077,0.01,"Drama,Mystery"
tt5639976,1,The Mist,2017,6.467,0.22,"Drama,Horror,Sci-Fi"
tt2215717,1,The Mob Doctor,2012,7.5605,0.02,"Crime,Drama,Mystery"
tt5574940,1,The New Edition Story,2017,8.7434,0.01,"Biography,Drama,Music"
tt1870479,1,The Newsroom,2012,8.5712,1.12,Drama
tt2401256,1,The Night Of,2016,8.8462,0.7,"Crime,Drama"
tt2477230,1,The Night Shift,2014,5.7516,0.1,"Drama,Romance"
tt4635282,1,The OA,2016,8.2288,0.36,"Drama,Fantasy,Mystery"
tt5615700,1,Siren,2018,8.0936,0.21,"Drama,Fantasy"
tt2632424,1,The Originals,2014,9.0787,1.15,"Drama,Fantasy,Horror"
tt5691552,1,The Orville,2017,7.9811,0.97,"Adventure,Comedy,Drama"
tt0374463,1,The Pacific,2010,8.1046,1.05,"Action,Adventure,Drama"
tt4789576,1,The Path,2016,8.2217,0.09,Drama
tt1453159,1,The Pillars of the Earth,2010,7.8627,0.28,"Drama,History,Romance"
tt1797475,1,The Playboy Club,2011,6.7,0.01,"Crime,Drama"
tt4474310,1,The Player,2015,7.9293,0.08,"Action,Crime,Drama"
tt7053188,1,Station 19,2018,6.9797,0.17,"Action,Drama,Romance"
tt4422756,1,The Real O'Neals,2016,7.9376,0.06,"Comedy,Drama,Musical"
tt2505072,1,The Red Road,2014,8.1198,0.04,Drama
tt3068894,1,The Red Tent,2014,7.2411,0.01,"Adventure,Drama,History"
tt7210448,1,Strange Angel,2018,7.6,0.01,"Drama,Mystery"
tt7660850,1,Succession,2018,8.0931,0.19,Drama
tt3230780,1,The Returned,2015,7.5896,0.11,"Drama,Fantasy,Horror"
tt2521668,1,The Returned,2013,8.1341,0.18,"Drama,Fantasy,Horror"
tt3597912,1,The Royals,2015,8.3742,0.07,Drama
tt1837654,1,The Secret Circle,2012,8.1746,0.57,"Drama,Fantasy,Horror"
tt1179817,1,The Secret Life of the American Teenager,2008,7.1,0.02,"Comedy,Drama,Family"
tt7563270,1,Sweetbitter,2018,7.7,0.01,Drama
tt6048596,1,The Sinner,2017,8.3454,0.39,"Crime,Drama,Mystery"
tt3476576,1,The Slap,2015,7.5779,0.02,Drama
tt3839822,1,The Son,2017,7.8279,0.07,"Drama,Western"
tt5612866,1,Take Two,2018,8.2517,0.18,"Comedy,Crime,Drama"
tt2654620,1,The Strain,2014,8.1389,0.83,"Drama,Horror,Thriller"
tt1366321,1,The Take,2009,8.0172,0.05,"Crime,Drama,Thriller"
tt4604612,1,The Alienist,2018,8.1063,0.61,"Drama,Mystery"
tt2660734,1,The Tomorrow People,2014,8.398,0.37,"Action,Drama,Sci-Fi"
tt1240976,1,The Unusuals,2009,7.4,0.01,"Comedy,Drama"
tt1405406,1,The Vampire Diaries,2010,8.4816,2.77,"Drama,Fantasy,Horror"
tt6294706,1,The Chi,2018,8,0.02,Drama
tt1520211,1,The Walking Dead,2010,8.7018,5.81,"Drama,Horror,Sci-Fi"
tt2022190,1,The Walking Dead: Webisodes,2011,6.9703,0.06,"Drama,Horror,Sci-Fi"
tt3487410,1,The Whispers,2015,7.8569,0.14,"Drama,Horror,Mystery"
tt3487410,1,The Whispers,2015,7.8569,0.14,"Drama,Horror,Mystery"
tt5705956,1,The White Princess,2017,8.0524,0.05,Drama
tt2372220,1,The White Queen,2013,7.793,0.14,"Drama,History,Romance"
tt6461824,1,The Crossing,2018,7.7816,0.15,"Adventure,Drama,Sci-Fi"
tt5159916,1,Thirteen,2016,7.6324,0.03,"Crime,Drama,Mystery"
tt7412482,1,The First,2018,6.914,0.1,"Drama,Sci-Fi"
tt5555260,1,This Is Us,2016,8.6908,1.13,"Comedy,Drama,Romance"
tt1440346,1,Three Rivers,2009,8.7008,0.03,Drama
tt5031234,1,Time After Time,2017,7.6621,0.04,"Drama,Sci-Fi"
tt8021824,1,The Innocents,2018,6.7,0.01,"Drama,Romance,Sci-Fi"
tt5511582,1,Timeless,2016,8.3006,0.56,"Action,Adventure,Drama"
tt1869152,1,Titanic,2012,6.5,0.01,Drama
tt3061830,1,Togetherness,2015,7.9146,0.06,"Comedy,Drama,Romance"
tt6474236,1,The Looming Tower,2018,8.1676,0.1,"Drama,History"
tt1821681,1,Touch,2012,8.1376,0.53,"Drama,Mystery,Sci-Fi"
tt4946972,1,Training Day,2017,7.2311,0.03,"Action,Crime,Drama"
tt3502262,1,Transparent,2014,7.6071,0.2,"Comedy,Drama"
tt1279972,1,Treme,2010,8.3513,0.18,"Drama,Music"
tt0844441,1,True Blood,2008,8.2664,2.49,"Drama,Fantasy,Mystery"
tt2356777,1,True Detective,2014,9.3313,4.5,"Crime,Drama,Mystery"
tt1697033,1,True Justice,2011,5.4891,0.04,"Action,Crime,Drama"
tt6110648,1,The Purge,2018,6.6697,0.15,"Action,Drama,Horror"
tt6708260,1,Trust Me,2017,7.4,0,"Drama,Thriller"
tt2543328,1,TURN: Washington's Spies,2014,8.6618,0.19,"Drama,History,War"
tt0098936,1,Twin Peaks,2017,8.6322,2.21,"Crime,Drama,Fantasy"
tt2355844,1,Twisted,2013,8.1733,0.01,"Drama,Mystery,Thriller"
tt2568204,1,Tyrant,2014,8.2124,0.17,"Action,Drama,Thriller"
tt6483832,1,The Resident,2018,7.2082,0.51,Drama
tt3339966,1,Unbreakable Kimmy Schmidt,2015,7.9135,0.49,"Comedy,Drama"
tt1553656,1,Under the Dome,2013,7.3375,0.89,"Drama,Mystery,Sci-Fi"
tt4522400,1,Underground,2016,7.8398,0.07,"Adventure,Drama,History"
tt1842530,1,Unforgettable,2011,7.8657,0.2,"Crime,Drama,Mystery"
tt1001482,1,United States of Tara,2009,7.7551,0.27,"Comedy,Drama,Romance"
tt0388644,1,The Staircase,2018,7.3882,0.14,"Crime,Documentary,Drama"
tt3314218,1,UnREAL,2015,8.0246,0.1,Drama
tt1307824,1,V,2010,7.6665,0.57,"Drama,Sci-Fi,Thriller"
tt6503244,1,Valor,2017,6.6775,0.02,Drama
tt5197820,1,Van Helsing,2016,7.2371,0.12,"Action,Drama,Fantasy"
tt2708480,1,The Terror,2018,8.4718,0.94,"Adventure,Drama,History"
tt2262383,1,Vegas,2012,7.6939,0.05,"Action,Crime,Drama"
tt1604099,1,Victorious,2010,8.2163,0.3,"Comedy,Drama,Family"
tt2306299,1,Vikings,2013,8.1187,1.6,"Action,Adventure,Drama"
tt3186130,1,Vinyl,2016,8.1104,0.22,"Drama,Music"
tt5057054,1,Tom Clancy's Jack Ryan,2018,8.5237,0.82,"Action,Drama,Thriller"
tt3910804,1,War & Peace,2016,8.092,0.08,"Drama,History,Romance"
tt1132290,1,Warehouse 13,2009,7.8246,0.61,"Drama,Mystery,Sci-Fi"
tt2618986,1,Wayward Pines,2015,8.3693,0.66,"Drama,Mystery,Sci-Fi"
tt2433738,1,Wentworth,2013,8.5448,0.11,"Crime,Drama"
tt5664952,1,Trust,2018,8.0511,0.17,"Biography,Crime,Drama"
tt0475784,1,Westworld,2016,8.8012,4.2,"Drama,Mystery,Sci-Fi"
tt7076630,1,Vanity Fair,2018,8.1564,0.02,Drama
tt2874692,1,When Calls the Heart,2014,9.3765,0.28,Drama
tt5292622,1,When We Rise,2017,8.6802,0.05,Drama
tt1358522,1,White Collar,2009,8.1278,1.11,"Comedy,Crime,Drama"
tt4428124,1,Wicked City,2015,7.0194,0.02,"Crime,Drama"
tt1703925,1,Wilfred,2011,7.9318,0.25,"Comedy,Drama,Mystery"
tt5734140,1,Will,2017,7.4,0.01,Drama
tt6522758,1,Wisdom of the Crowd,2017,7.5409,0.03,"Crime,Drama,Thriller"
tt2288064,1,Witches of East End,2013,8.1791,0.14,"Drama,Fantasy"
tt0799922,1,Wizards of Waverly Place,2008,7.4621,0.36,"Comedy,Drama,Family"
tt3556920,1,Wolf Hall,2015,8.1332,0.07,"Biography,Drama,History"
tt1878805,1,World Without End,2012,7.0142,0.09,"Drama,History,Romance"
tt6040674,1,Waco,2018,8.5083,0.11,"Crime,Drama,History"
tt4878326,1,Wynonna Earp,2016,8.7387,0.44,"Action,Drama,Fantasy"
tt1713938,1,XIII: The Series,2012,6.9,0.01,"Action,Crime,Drama"
tt4236770,1,Yellowstone,2018,8.6479,0.25,"Drama,Western"
tt7335184,1,You,2018,8.6492,0.07,"Crime,Drama,Thriller"
tt5179408,1,You Me Her,2016,8.029,0.05,"Comedy,Drama,Romance"
tt2084712,1,Young & Hungry,2014,8.2418,0.08,"Comedy,Drama,Romance"
tt3895150,1,Your Lie in April,2014,7.406,0.08,"Animation,Drama,Music"
tt3228420,1,You're the Worst,2014,8.2147,0.17,"Comedy,Drama,Romance"
tt3843168,1,Z Nation,2014,7.6906,0.42,"Action,Comedy,Drama"
tt4878612,1,Z: The Beginning of Everything,2015,7.0981,0.01,"Biography,Drama"
tt2215797,1,Zero Hour,2013,7.0887,0.03,"Drama,Fantasy,Thriller"
tt3250026,1,Zoo,2015,7.8649,0.25,"Drama,Mystery,Sci-Fi"
